source,title,summary,link,published_date,sentiment_label,sentiment_score
NewsAPI - BusinessLine,"Nifty Prediction Today – September 25, 2025: Nifty futures: Intraday trend unclear at the moment","Nifty 50 opens slightly lower, with top gainers Bharat Electronics and Hindalco Industries, and top losers Tata Motors and Asian Paints.",https://www.thehindubusinessline.com/portfolio/technical-analysis/nifty-prediction-today-september-25-2025-nifty-futures-intraday-trend-unclear-at-the-moment/article70091948.ece,2025-09-25T04:39:43Z,negative,0.9648690223693848
NewsAPI - BusinessLine,"Nifty hovers near 25,000 mark as global headwinds persist","Markets open lower, Nifty struggles near 25,000; investors advised to maintain cautious buy-on-dips strategy amid global volatility.",https://www.thehindubusinessline.com/markets/nifty-hovers-near-25000-mark-as-global-headwinds-persist/article70091926.ece,2025-09-25T04:36:24Z,negative,0.959846019744873
NewsAPI - Ndtvprofit.com,Adani Power Shares Surge Nearly 7%; Adani Total Up 5% As Group Stocks Rally,"Shares of Adani Power rose as much as 6.6% on Thursday. The scrip leads the pack with the most gains as Adani stocks rally in trade. Adani Total also closely follows these gains, as it rose nearly 5% intraday. Adani Power has marked gains of nearly 8% this we…",https://www.ndtvprofit.com/markets/adani-power-shares-surge-nearly-7-adani-total-up-5-as-group-stocks-rally,2025-09-25T04:25:05Z,positive,0.9497236609458923
NewsAPI - The Times of India,"Sensex up 43 pts, Nifty above 25,050 as consumer stocks lift D-St mood","Indian equities traded flat on Thursday, recovering from early losses amid gains in consumption-focused stocks fueled by festive season expectations. Foreign outflows and U.S. visa restrictions created caution in the market. While broader markets showed posit…",https://economictimes.indiatimes.com/markets/stocks/news/sensex-up-43-pts-nifty-above-25050-as-consumer-stocks-lift-d-st-mood/articleshow/124104328.cms,2025-09-25T04:06:12Z,negative,0.873306930065155
NewsAPI - The Times of India,"Nifty poised for breakout rally? BNP Paribas' Kunal Vora decodes FIIs, earnings and consumption bets","After India's equity market underperformed in 2025 due to factors like domestic slowdown and FII selling, optimism is cautiously returning. Policy support, improved liquidity, and tax cuts are expected to boost consumption and corporate earnings. While valuat…",https://economictimes.indiatimes.com/markets/expert-view/nifty-poised-for-breakout-rally-bnp-paribas-kunal-vora-decodes-fiis-earnings-and-consumption-bets/articleshow/124087633.cms,2025-09-25T03:30:00Z,positive,0.9518445730209351
NewsAPI - Ndtvprofit.com,Nifty Declines For Fourth Day: When Could The Bulls Make A Comeback?,"With three days of decline already completed since the confirmation candle, it is advised to wait another day or two for the pattern's implications to fully materialise.",https://www.ndtvprofit.com/markets/nifty-declines-for-fourth-day-when-could-the-bulls-make-a-comeback-check-key-levels-and-stock-of-the-day-syrma-sgs-technology,2025-09-25T02:16:46Z,neutral,0.5482123494148254
NewsAPI - Ndtvprofit.com,All You Need To Know Going Into Trade This Thursday,"India's benchmark equity indices closed in the red for the fourth straight session on Wednesday. The NSE Nifty 50 ended 0.45% lower at 25,056.90 and the BSE Sensex closed 0.47% down at 81,715.63.",https://www.ndtvprofit.com/markets/stock-market-today-all-you-need-to-know-going-into-trade-on-sept-25-3,2025-09-25T01:26:29Z,negative,0.9711259007453918
NewsAPI - BusinessLine,"Day Trading Guide for September 25, 2025: Intraday supports, resistances for Nifty50 stocks","The Day Trading Guide provides key intraday support and resistance levels to watch for on Nifty Futures and widely traded stocks such as Reliance Industries, Infosys, HDFC Bank, TCS, and SBI",https://www.thehindubusinessline.com/portfolio/day-trading-guide/day-trading-guide-for-september-25/article70089053.ece,2025-09-25T00:30:00Z,neutral,0.8963393568992615
NewsAPI - Ndtvprofit.com,"Nifty Support Slips To 24,900 As Bears Gain Upper Hand","The NSE Nifty 50 ended lower for the fourth straight session on Wednesday with Bajaj Broking Research seeing immediate support at 25,100–24,900 aligning with the confluence of the 20-day and 50-day exponential moving averages.",https://www.ndtvprofit.com/markets/trade-setup-for-sept-25-nifty-support-slips-to-24900-as-bears-gain-upper-hand,2025-09-24T16:26:02Z,negative,0.972456693649292
NewsAPI - The Times of India,Ahead of Market: 10 things that will decide stock market action on Thursday,"The Indian market fell for a fourth straight session on Wednesday, with financial and IT shares leading losses on the Sensex and Nifty after worries over U.S. H-1B visa rules kept investors unsettled.",https://economictimes.indiatimes.com/markets/stocks/news/ahead-of-market-10-things-that-will-decide-stock-market-action-on-thursday/articleshow/124095669.cms,2025-09-24T15:46:45Z,negative,0.9736368656158447
NewsAPI - Ndtvprofit.com,Gold Vs Equities: Busting Myths-Does Yellow Metal Still Shine Over 'Safe Haven' Appeal?,"Gold Vs Equities: Gold has long been considered a ""safe haven"" investment. Its tangible nature and stability appeal to conservative investors, especially during market downturns or financial crises. Equities, while riskier, have historically offered far highe…",https://www.ndtvprofit.com/personal-finance/is-gold-really-the-safest-investment-myths-and-facts-every-investor-should-know,2025-09-24T14:52:19Z,neutral,0.6437216997146606
NewsAPI - BusinessLine,SBI launches first SIF Magnum Hybrid Long Short Fund,"SBI Mutual Fund launches Magnum Hybrid Long Short scheme targeting 8-11% returns, offering innovative investment strategies for investors.",https://www.thehindubusinessline.com/markets/sbi-launches-first-sif-magnum-hybrid-long-short-fund/article70089302.ece,2025-09-24T14:04:53Z,neutral,0.59271639585495
NewsAPI - BusinessLine,"Markets extend four-day losing streak; IT, auto, realty under pressure","Indian markets slipped for the fourth straight session, with Sensex down 386 pts to 81,716 and Nifty falling 113 pts to 25,057 as rupee hit ₹88.8.",https://www.thehindubusinessline.com/markets/stock-markets/markets-extend-four-day-losing-streak-it-auto-realty-under-pressure/article70088737.ece,2025-09-24T11:54:46Z,negative,0.9727931022644043
NewsAPI - The Times of India,Rupee shielded by central bank intervention even as pressure lingers,The Indian rupee ended nearly flat on Wednesday as likely intervention by the Reserve Bank of India helped stave off pressure on the local unit amid worries over steep U.S. tariffs and a visa fee hike.,https://economictimes.indiatimes.com/markets/forex/rupee-shielded-by-central-bank-intervention-even-as-pressure-lingers/articleshow/124090316.cms,2025-09-24T10:38:31Z,negative,0.4872245192527771
NewsAPI - The Times of India,"Market Wrap: Nifty falls below 25,100 as D-St slide extends to day 4, Sensex sheds 380 pts on U.S. visa concerns","Indian equities fell for a fourth straight session on Wednesday, with financial and IT shares leading losses on the Sensex and Nifty after worries over U.S. H-1B visa rules kept investors unsettled.",https://economictimes.indiatimes.com/markets/stocks/news/market-wrap-nifty-falls-below-25100-as-d-st-slide-extends-to-day-4-sensex-sheds-380-pts-on-u-s-visa-concerns/articleshow/124089915.cms,2025-09-24T10:21:57Z,negative,0.9744660258293152
NewsAPI - Yahoo Entertainment,Markets sold off after Powell said six words investors don’t want to hear: ‘Equity prices are fairly highly valued’,Investors are wary of any sign that the Fed thinks “irrational exuberance”—as former Fed chair Alan Greenspan once called it—has kicked in.,https://finance.yahoo.com/news/markets-selling-off-powell-said-101547001.html,2025-09-24T10:15:47Z,negative,0.6202811002731323
NewsAPI - Fortune,Markets are selling off after the Fed’s Powell said six words investors don’t want to hear: ‘Equity prices are fairly highly valued’,"The Fed chairman warned that stocks are “highly valued.” U.S. stocks dropped, with tech leading losses on skepticism over Nvidia’s $100 billion OpenAI deal.",https://fortune.com/2025/09/24/stocks-market-selling-the-fed-powell-equity-prices-are-fairly-highly-valued/,2025-09-24T10:15:47Z,negative,0.9649408459663391
NewsAPI - Fortune,Trump says climate change is ‘the greatest con job ever’ but many CEOs know the science remains the same,Also: All the news and watercooler chat from Fortune.,https://fortune.com/2025/09/24/trump-climate-change-greatest-con-job-ceos-science/,2025-09-24T08:48:04Z,neutral,0.9310447573661804
NewsAPI - The Times of India,"Markets await earnings revival amid range-bound trading, says Manish Sonthalia","The Indian stock market is range-bound, influenced by earnings and policy. Manish Sonthalia suggests rate cuts could drive market overshoot, with earnings revival expected in the second half, boosted by government initiatives and the festive season. Consumpti…",https://economictimes.indiatimes.com/markets/expert-view/markets-await-earnings-revival-amid-range-bound-trading-says-manish-sonthalia/articleshow/124087962.cms,2025-09-24T08:43:02Z,positive,0.5263998508453369
NewsAPI - BusinessLine,Markets extend losses as weak rupee weigh on sentiment,"The Sensex fell 295.27 points or 0.36% to 81,806.83, while the Nifty 50 declined 78.60 points or 0.31% to 25,090.90",https://www.thehindubusinessline.com/markets/markets-extend-losses-as-weak-rupee-weigh-on-sentiment/article70087831.ece,2025-09-24T07:35:06Z,negative,0.9732248187065125
NewsAPI - Bloomberg,Indian auto stocks trounce Asian peers on Modi’s tax bonanza,"Indian auto stocks outperform Asian peers due to tax cuts, with analysts predicting further gains in demand acceleration.",https://www.bloomberg.com/news/articles/2025-09-24/indian-auto-stocks-trounce-asian-peers-on-modi-s-tax-bonanza,2025-09-24T06:58:25Z,positive,0.7805185317993164
NewsAPI - BusinessLine,"Nifty Prediction Today – September 24, 2025: Nifty futures: Might rebound","Nifty futures (September) can rise back to 25,300",https://www.thehindubusinessline.com/portfolio/technical-analysis/nifty-prediction-today-september-24-2025-nifty-futures-might-rebound/article70087389.ece,2025-09-24T04:47:02Z,positive,0.9388003349304199
NewsAPI - BusinessLine,"Sensex falls 359 points as FII outflows, rupee weakness weigh on markets; Nifty below 25,100","Markets open weak as Nifty and Sensex decline, with foreign fund outflows and rupee weakness impacting investor sentiment.",https://www.thehindubusinessline.com/markets/sensex-falls-359-points-as-fii-outflows-and-rupee-weakness-weigh-on-markets-nifty-below-25100/article70087367.ece,2025-09-24T04:42:36Z,negative,0.9725345969200134
NewsAPI - The Times of India,"Sensex drops over 300 pts, Nifty below 25,100 as D-St slide stretches to day 4, US visa worries cloud sentiment","Indian stocks commenced trading on Wednesday with a decline, as both the Sensex and Nifty extended their losing streak to a fourth consecutive day. Investor sentiment was negatively impacted by concerns surrounding U.S. H-1B visa regulations. The downturn was…",https://economictimes.indiatimes.com/markets/stocks/news/sensex-drops-over-300-pts-nifty-below-25100-as-d-st-slide-stretches-to-day-4-us-visa-worries-cloud-sentiment/articleshow/124082576.cms,2025-09-24T04:01:07Z,negative,0.9731913805007935
NewsAPI - Ndtvprofit.com,"Swiggy Shares In Focus After Instamart Separation, Rapido Exit","Shares of Swiggy rose during early trade on Wednesday after the board approved to separate quick commerce business 'Instamart' through a slump sale and the fully divest its stake in Rapido to Prosus and WestBridge for a total consideration of Rs 2,400 crore. …",https://www.ndtvprofit.com/markets/swiggy-share-price-in-focus-after-instamart-separation-rapido-exit,2025-09-24T03:19:54Z,positive,0.9421539306640625
NewsAPI - BusinessLine,"Share Market Highlights 24 September 2025: Sensex falls 386 pts, Nifty slips 112; IT, Auto drag markets lower","Sensex, Nifty updates on 24 Sept 2025: Indian equities fell for the fourth straight session on Wednesday, their longest losing run since mid-July, as worries over U.S. visa curbs continued to pressure sentiment. The BSE Sensex dropped 386 points to close at 8…",https://www.thehindubusinessline.com/markets/stock-market-highlights-24-september-2025/article70084551.ece,2025-09-24T01:08:11Z,negative,0.9745200276374817
NewsAPI - BusinessLine,"Day Trading Guide for September 24, 2025: Intraday supports, resistances for Nifty50 stocks","The Day Trading Guide provides key intraday support and resistance levels to watch for on Nifty Futures and widely traded stocks such as Reliance Industries, Infosys, HDFC Bank, TCS, and SBI",https://www.thehindubusinessline.com/portfolio/day-trading-guide/day-trading-guide-for-september-24/article70084572.ece,2025-09-24T00:30:00Z,neutral,0.895757257938385
NewsAPI - Ndtvprofit.com,All You Need To Know Going Into Trade On Wednesday,"India's benchmark equity indices closed in the red for a third straight session on Tuesday. The NSE Nifty 50 ended 0.13% lower at 25,169.50 and the BSE Sensex closed 0.07% down at 82,102.10.",https://www.ndtvprofit.com/markets/stock-market-today-all-you-need-to-know-going-into-trade-on-sept-24-2,2025-09-24T00:30:00Z,negative,0.9716635942459106
NewsAPI - Ndtvprofit.com,FPIs Stay Net Sellers For Second Consecutive Session,"Foreign portfolio investors (FPIs) stayed net sellers of Indian shares for the second straight session on Tuesday amid the benchmark Nifty ending in the red for the third consecutive session. The FPIs sold stocks worth approximately Rs 3,551.19 crore, accordi…",https://www.ndtvprofit.com/markets/fpis-stay-net-sellers-for-second-consecutive-session,2025-09-23T16:31:09Z,negative,0.5062887668609619
NewsAPI - The Times of India,Ahead of Market: 10 things that will decide stock market action on Wednesday,"The Indian market ended lower on Tuesday, falling for a third consecutive session, with gains in auto makers on festive-season demand failing to offset broader losses fueled by worries over a steep increase in U.S. H-1B visa fees.",https://economictimes.indiatimes.com/markets/stocks/news/ahead-of-market-10-things-that-will-decide-stock-market-action-on-wednesday/articleshow/124074380.cms,2025-09-23T15:55:33Z,negative,0.9730314016342163
NewsAPI - Ndtvprofit.com,"Trade Setup For Sept 24: Nifty Sees Immediate Resistance At 25,500–25,600","The NSE Nifty 50 ended lower for the second straight session on Monday with investor sentiment cautious amid concerns over currency depreciation, foreign institutional investor outflows, and global policy uncertainties, according to analysts.",https://www.ndtvprofit.com/markets/trade-setup-for-sept-24-nifty-sees-immediate-resistance-at-2550025600,2025-09-23T14:54:01Z,negative,0.9731229543685913
NewsAPI - BusinessLine,"Top gainers & losers today, 23 September: Axis Bank, Bajaj Finance, Maruti among gainers; Trent, Tech Mahindra decline","Indian equity markets end volatile session slightly lower, Nifty 50 down 0.13% and Sensex 0.07%, rupee weakens to record low.",https://www.thehindubusinessline.com/markets/stock-markets/nse-bse-stock-market-top-gainers-top-losers-today-axisbank-bajajfinance-maruti-23-september-2025/article70084714.ece,2025-09-23T13:34:17Z,negative,0.9722103476524353
NewsAPI - BusinessLine,"Markets end marginally lower as rupee hits record low; banks, autos shine","Nifty ends 32.85 points lower as rupee hits 88.75/USD; banks, autos, metals gain, while IT and consumer stocks face pressure amid mixed market trends",https://www.thehindubusinessline.com/markets/markets-end-marginally-lower-as-rupee-hits-record-low-banks-autos-shine/article70084707.ece,2025-09-23T13:29:53Z,negative,0.9714350700378418
NewsAPI - Fortune,"The AI boom is unsustainable unless tech spending goes ‘parabolic,’ Deutsche Bank warns: ‘This is highly unlikely’","“In the absence of tech-related spending, the U.S. would be close to, or in, recession this year,” George Saravelos says.",https://fortune.com/2025/09/23/ai-boom-unsustainable-tech-spending-parabolic-deutsche-bank/,2025-09-23T10:59:07Z,negative,0.9584981203079224
NewsAPI - Yahoo Entertainment,"The AI boom is unsustainable unless tech spending goes ‘parabolic,’ Deutsche Bank warns: ‘This is highly unlikely’","“In the absence of tech-related spending, the U.S. would be close to, or in, recession this year,” George Saravelos says.",https://finance.yahoo.com/news/ai-boom-unsustainable-unless-tech-105907536.html,2025-09-23T10:59:07Z,negative,0.9584981203079224
NewsAPI - The Times of India,"Rupee hits record low as U.S. tariff, visa policies heap pressure","The Indian Rupee faced a significant drop, hitting a record low. This decline was influenced by concerns over U.S. tariffs and increased H-1B visa fees. Central bank intervention helped to control the losses. The rupee's performance has been among the weakest…",https://economictimes.indiatimes.com/markets/forex/rupee-hits-record-low-as-u-s-tariff-visa-policies-heap-pressure/articleshow/124068560.cms,2025-09-23T10:31:45Z,negative,0.9733415842056274
NewsAPI - Fortune,Oracle’s co-CEO structure will challenge the trope that having two chief executives rarely works,Also: All the news and watercooler chat from Fortune.,https://fortune.com/2025/09/23/oracles-co-ceo-structure-will-challenge-the-trope-that-having-two-chief-executives-rarely-works/,2025-09-23T09:04:33Z,neutral,0.8501999378204346
NewsAPI - BusinessLine,"Sensex recovers from morning losses, Nifty stays flat in volatile midday trade","The marginal recovery marked a significant improvement from the morning session, when both indices had opened with deeper losses of 0.19% and 0.24% respectively",https://www.thehindubusinessline.com/markets/sensex-recovers-from-morning-losses-nifty-stays-flat-in-volatile-midday-trade/article70083809.ece,2025-09-23T07:54:18Z,positive,0.9208244681358337
NewsAPI - BusinessLine,"Sensex, Nifty recover from day’s lows; auto stocks shine on festive demand, IT stocks dip over H-1B visa worries",Domestic market volatility driven by H-1B visa fee concerns; auto demand limits losses; benchmark indices trade marginally higher.,https://www.thehindubusinessline.com/markets/stock-markets/top-gainers-losers-today-23rd-sep-sensex-nifty-recover-from-days-lows-auto-stocks-shine-on-festive-demand-it-stocks-dip-over-h-1b-visa-worries-adani-enterprises-maruti-bajaj-finance-lead-gainers-ultra/article70083708.ece,2025-09-23T07:24:57Z,positive,0.6290757656097412
NewsAPI - Ndtvprofit.com,"Maruti Suzuki Shares Hit Record High After Goldman Sachs Upgrade - Check Price Target, Stock Rating And More","Maruti Suzuki India Ltd. share price jumped to fresh high in Tuesday's session after Goldman Sachs upgraded the rating to Buy and hiked target price. The brokerage raised the target price to Rs 18,900 from Rs 13,800 apiece. The current target price implies a …",https://www.ndtvprofit.com/markets/goldman-sachs-upgrade-fuels-maruti-suzuki-shares-to-new-high-check-target-price-stock-rating-share-price,2025-09-23T06:05:02Z,positive,0.9339103698730469
NewsAPI - BusinessLine,"Nifty prediction today – September 23, 2025: Nifty 50 futures: More fall is on the cards. Go short","Nifty 50 outlook is negative with resistance at 25,200-25,250; potential fall to 25,060-25,030, strong support zone.",https://www.thehindubusinessline.com/portfolio/technical-analysis/nifty-prediction-today-september-23-2025-nifty-50-futures-more-fall-is-on-the-cards-go-short/article70083401.ece,2025-09-23T05:00:19Z,negative,0.9713507294654846
NewsAPI - BusinessLine,Markets open lower as FII outflows weigh; Gold hits record high,"Nifty 50 starting at 25,209.00 and is trading at 25,141.95, down 60.40 points or 0.24% and Sensex opened at 82,147.37 and was at 82,002.05, lower by 157.92 points or 0.19%",https://www.thehindubusinessline.com/markets/markets-open-lower-as-fii-outflows-weigh-gold-hits-record-high/article70083398.ece,2025-09-23T04:58:00Z,negative,0.9739385843276978
NewsAPI - The Times of India,"Sensex falls over 100 pts, Nifty below 25,200 amid investor caution around H-1B visa woes","Indian stock markets initially rose, driven by optimism surrounding trade talks. However, the Sensex and Nifty soon declined. The auto sector performed well, led by companies like Ashok Leyland and Maruti Suzuki. IT stocks saw a slight recovery after a previo…",https://economictimes.indiatimes.com/markets/stocks/news/sensex-jumps-over-100-pts-nifty-tops-25230-as-us-trade-hopes-offset-visa-concerns/articleshow/124060544.cms,2025-09-23T03:57:01Z,positive,0.9156380295753479
NewsAPI - Manoramaonline.com,"ഇന്ത്യയ്ക്കുള്ള തീരുവ ‘വെട്ടാൻ’ അമേരിക്ക; വരും വമ്പൻ ഡീൽ, ‌ലോട്ടറിയടിച്ചപോലെ ജിഎസ്ടി മധുരം, കച്ചവടം പൊടിപൂരം, പിടിവിട്ട് സ്വർണക്കുതിപ്പ്","ഇന്ത്യ അമേരിക്കയുടെ തന്ത്രപ്രധാന പങ്കാളിയാണെന്നും വ്യാപാരം, ഊർജം, മരുന്നുകൾ, ധാതുക്കൾ, പ്രതിരോധം എന്നിവ സംബന്ധിച്ച് ജയശങ്കറുമായി ചർച്ച നടത്തിയെന്നും.india us trade deal, India US deal, GST, GST 2.0, Adani, Adani Shares, Adani Power, Gautam Adani, Maruti Suzuk…",https://www.manoramaonline.com/business/stock-market/2025/09/23/india-us-trade-s-jaishankar-rubio-goyal-adani-shares-gst-maruti-hyundai-gift-nifty-aks.html,2025-09-23T03:41:12Z,neutral,0.9059682488441467
NewsAPI - BusinessLine,"Sensex, Nifty to open flat as US trade optimism balances visa worries","GST cuts, effective from Monday, could cushion some of the worries linked to trade and visa policy, says industry players",https://www.thehindubusinessline.com/markets/sensex-nifty-to-open-flat-as-us-trade-optimism-balances-visa-worries/article70083250.ece,2025-09-23T03:39:22Z,positive,0.8402222394943237
NewsAPI - Ndtvprofit.com,India VIX Jumps 5%-Sign Of Concern?,"The week began on a predictable note for Indian equity benchmark indices, as a knee-jerk reaction was seen on the back of the H-1B visa announcement. The Nifty 50 opened lower but soon witnessed a smart recovery, climbing above the 25,300 mark. However, the r…",https://www.ndtvprofit.com/markets/nifty-india-vix-rises-nifty-it-rebound-stock-of-the-day-nlc-india-sept-23,2025-09-23T02:26:42Z,positive,0.8608696460723877
NewsAPI - BusinessLine,"Day Trading Guide for September 23, 2025: Intraday supports, resistances for Nifty50 stocks","The Day Trading Guide provides key intraday support and resistance levels to watch for on Nifty Futures and widely traded stocks such as Reliance Industries, Infosys, HDFC Bank, TCS, and SBI",https://www.thehindubusinessline.com/portfolio/day-trading-guide/day-trading-guide-for-september-23/article70080371.ece,2025-09-23T00:49:00Z,neutral,0.8952016830444336
NewsAPI - Ndtvprofit.com,All You Need To Know Going Into Trade On Tuesday,"The NSE Nifty 50 ended 0.49% lower at 25,202.35 and the BSE Sensex closed 0.56% down at 82,159.97. Nifty Sep futures is down by 0.53% to 25,276 at a premium of 74 points. Nifty Sep futures open interest down by 1.66%. Nifty Options 23rd Sep Expiry: Maximum Ca…",https://www.ndtvprofit.com/markets/stock-market-today-all-you-need-to-know-going-into-trade-on-september-23-2025,2025-09-23T00:30:00Z,negative,0.9618933200836182
NewsAPI - Ndtvprofit.com,FPIs Turn Net Sellers As H-1B Visa Woes Weigh On Markets,"The FPIs sold stocks worth approximately Rs 2,910.09 crore, according to provisional data from the National Stock Exchange.",https://www.ndtvprofit.com/markets/fpis-turn-net-sellers-as-h-1b-visa-woes-weigh-on-markets,2025-09-22T15:59:01Z,negative,0.5495859384536743
NewsAPI - The Times of India,Ahead of Market: 10 things that will decide stock market action on Tuesday,"Indian markets ended lower as IT stocks slumped after the U.S. raised H-1B visa costs to $100,000. Analysts say the correction is healthy, with Nifty support at 25,050 and consumption-focused sectors expected to drive medium-term gains.",https://economictimes.indiatimes.com/markets/stocks/news/ahead-of-market-10-things-that-will-decide-stock-market-action-on-tuesday/articleshow/124052827.cms,2025-09-22T15:41:04Z,negative,0.8973491191864014
NewsAPI - BusinessLine,"IT stocks plunge as Trump’s $100,000 H-1B visa fee rattles markets","Sensex slides 466 points or 0.56% to settle at 82,159, while Nifty drops 124 points or 0.49% to close at 25,202",https://www.thehindubusinessline.com/markets/stock-markets/it-stocks-plunge-as-trumps-100000-h-1b-visa-fee-rattles-markets/article70081024.ece,2025-09-22T14:02:43Z,negative,0.966424822807312
NewsAPI - Livemint,Gautam Adani sets priorities after SEBI dismisses Hindenburg allegations: ‘We must build not for…’,Gautam Adani plans to speed up innovation and enhance transparency in his group after SEBI cleared them of Hindenburg's allegations. He praised his employees for their contributions amid scrutiny and outlined future goals focusing on long-term value and drivi…,https://www.livemint.com/companies/news/gautam-adani-sets-priorities-after-sebi-dismisses-hinderburg-allegations-we-must-build-not-for-11758539897769.html,2025-09-22T13:02:51Z,positive,0.7664368748664856
NewsAPI - BusinessLine,Time to 'accelerate': Adani outlines priorities after SEBI closure,"Adani Group cleared of Hindenburg allegations by SEBI, shifts focus to innovation, transparency, and long-term impact.",https://www.thehindubusinessline.com/companies/time-to-accelerate-adani-outlines-priorities-after-sebi-closure/article70080128.ece,2025-09-22T11:26:37Z,neutral,0.7407279014587402
NewsAPI - Fortune,"Gold hit a new record high—and that’s an indicator of fear lurking within the stock market, Deutsche Bank says","Investors are both bullish on equities as well as being afraid that there are major downside risks, Deutsche’s Henry Allen says.",https://fortune.com/2025/09/22/gold-price-record-high-fear-stock-market/,2025-09-22T10:55:15Z,positive,0.7308026552200317
NewsAPI - Yahoo Entertainment,"Gold hit a new record high—and that’s an indicator of fear lurking within the stock market, Deutsche Bank says","Investors are both bullish on equities as well as being afraid that there are major downside risks, Deutsche’s Henry Allen says.",https://finance.yahoo.com/news/gold-hit-record-high-indicator-105515145.html,2025-09-22T10:55:15Z,positive,0.7308026552200317
NewsAPI - The Times of India,"Market Wrap: Sensex drops 466 points, Nifty slips below 25,250 as U.S. visa fee hike hits IT stocks","Indian benchmark indices Sensex and Nifty retreated for a second session on Monday, with IT shares leading losses after United States sharply increased the one-time fee for H-1B visas to $100,000, delivering a fresh blow to a sector that had only just begun t…",https://economictimes.indiatimes.com/markets/stocks/news/market-wrap-sensex-drops-466-points-nifty-slips-below-25250-as-u-s-visa-fee-hike-hits-it-stocks/articleshow/124045290.cms,2025-09-22T10:21:53Z,negative,0.9733123183250427
NewsAPI - The Times of India,Time to 'accelerate': Adani outlines priorities after SEBI closure on Hindenburg allegations,"Gautam Adani announced a renewed focus on innovation and transparency after SEBI dismissed allegations from the Hindenburg report, which had triggered significant market turmoil for the Adani Group. Adani credited his employees' resilience for maintaining ope…",https://economictimes.indiatimes.com/news/company/corporate-trends/time-to-accelerate-adani-outlines-priorities-after-sebi-closure-on-hindenburg-allegations/articleshow/124043901.cms,2025-09-22T09:29:36Z,positive,0.9231117367744446
NewsAPI - Fortune,"Trump’s plan to charge $100,000 for new H-1B visas is met with dismay by CEOs who want the world’s top talent",Also: All the news and watercooler chat from Fortune.,https://fortune.com/2025/09/22/trump-plan-100000-h-1b-visas-ceos/,2025-09-22T09:06:57Z,negative,0.8575320243835449
NewsAPI - The Times of India,"Will price of 10 gm gold reach Rs 2 lakh in 5 years? Should you sell, hold, or buy?","Gold prices have surged dramatically in the past five years, driven by global uncertainties and strong ETF demand. Experts suggest that geopolitical factors, US economic conditions, and central bank policies will influence future prices. While some predict fu…",https://economictimes.indiatimes.com/wealth/invest/will-price-of-10-gm-gold-reach-rs-2-lakh-in-5-years-should-you-sell-hold-or-buy/articleshow/124042108.cms,2025-09-22T08:24:39Z,positive,0.8657569289207458
NewsAPI - BusinessLine,"Sensex down 220 points, Nifty at 25,280 level as IT stocks slump amid H-1B visa fee hike","Tech majors TCS, Infosys, Wipro, and HCL Tech drag indices lower, while Adani stocks gain. Hero Motocorp and Bajaj Auto lead the gainers on GST optimism.",https://www.thehindubusinessline.com/markets/stock-markets/sensex-down-220-points-nifty-at-25280-level-as-it-stocks-slump-amid-h-1b-visa-fee-hike/article70079672.ece,2025-09-22T08:14:33Z,negative,0.963434636592865
NewsAPI - Ndtvprofit.com,H-1B Visa Fee Hike Shock: Game-Changer For Nifty Or Just A Blip? Key Levels And Stock Of The Day,"On Friday, the Nifty 50 index ended its three-day run, closing 0.38 per cent lower and below the low of the prior hanging-man-like candlestick pattern. Despite this negative close, the index still extended its weekly winning streak to a third straight week, s…",https://www.ndtvprofit.com/markets/h-1b-visa-fee-hike-shock-game-changer-for-nifty-or-just-a-blip-key-levels-and-stock-of-the-day,2025-09-22T06:41:38Z,negative,0.9582775235176086
NewsAPI - CNA,US tech shares fall as Trump slaps steep new fees on H-1B visas,"Shares of U.S. technology companies slipped on Monday after President Donald Trump unveiled steep new visa fees as part of his immigration crackdown, raising concerns over higher labor costs and tighter access to skilled workers.The Trump administration said …",https://www.channelnewsasia.com/business/us-tech-shares-fall-trump-slaps-steep-new-fees-h-1b-visas-5361546,2025-09-22T06:33:24Z,negative,0.9705734252929688
NewsAPI - BusinessLine,"IT stocks drag market amid H-1B visa fee worries, Sensex, Nifty down despite GST boost","IT stocks plummeted due to increased H-1B visa fees, impacting market indices, with IT giants facing significant losses.",https://www.thehindubusinessline.com/markets/stock-markets/it-stocks-drag-market-amid-h-1b-visa-fee-worries-sensex-nifty-down-despite-gst-boost/article70079346.ece,2025-09-22T05:31:35Z,negative,0.9740844964981079
NewsAPI - Livemint,"Mint Exclusive: Cipla MD Vohra likely to step down, COO Achin Gupta may take over","India’s third-largest drugmaker is headed for a top-level shake-up, with CEO Umang Vohra set to move out by March 2026 and COO Achin Gupta emerging as his likely successor.",https://www.livemint.com/industry/mint-exclusive-cipla-md-vohra-likely-to-step-down-coo-achin-gupta-may-take-over-11758510500176.html,2025-09-22T05:13:50Z,neutral,0.7444292306900024
NewsAPI - BusinessLine,"Nifty Prediction Today – September 22, 2025: Nifty 50 Futures: Resistance can cap the upside. Stay out","Nifty 50 September Futures contract has to breach the 25,400-25,435 resistance zone to gain bullish momentum",https://www.thehindubusinessline.com/portfolio/technical-analysis/nifty-prediction-today-september-22-2025-nifty-50-futures-resistance-can-cap-the-upside-stay-out/article70079298.ece,2025-09-22T04:57:20Z,positive,0.8516451120376587
NewsAPI - The Times of India,GST Bachat Utsav begins but investors have already made money. Is the auto & consumer rally over?,The GST Bachat Utsav starts today. Investors in auto and consumer stocks have already profited since the GST reform announcement. Nifty Auto index rose significantly. Maruti Suzuki and Eicher Motors shares increased. Experts suggest that GST rationalization i…,https://economictimes.indiatimes.com/markets/stocks/news/gst-bachat-utsav-begins-but-investors-have-already-made-money-is-the-auto-consumer-rally-over/articleshow/124037234.cms,2025-09-22T04:13:34Z,positive,0.915215015411377
NewsAPI - Ndtvprofit.com,"Buzzing Stocks: Swan Defence, Shipping Corp, Netweb - Check Share Price, Stock Predictions And More",This is a developing story and will be updated shortly.,https://www.ndtvprofit.com/markets/buzzing-stocks-swan-defence-shipping-corp-netweb-tech-cochin-shipyard-check-share-price-latest-news-stock-predictions-and-more,2025-09-22T04:00:45Z,neutral,0.9450517296791077
NewsAPI - The Times of India,"Sensex falls over 150 pts, Nifty below 25,300 after US H-1B visa fee shock hits IT stocks","Indian stocks experienced a decline at the opening on Monday, reversing gains from the previous session. IT stocks were the primary contributors to the downturn, triggered by the U.S.'s significant increase in H-1B visa costs to $100,000.",https://economictimes.indiatimes.com/markets/stocks/news/sensex-cracks-over-300-pts-nifty-below-25300-after-us-visa-fee-shock-hits-it-sector/articleshow/124036849.cms,2025-09-22T03:55:17Z,negative,0.9733749032020569
NewsAPI - Yahoo Entertainment,Indian IT stocks slide amid US visa crackdown,"Indian information technology stocks fell 3.6% on Monday after U.S. President Donald Trump imposed a $100,000 fee on new H-1B visa applications, threatening ...",https://finance.yahoo.com/news/indian-stocks-slide-amid-us-035209398.html,2025-09-22T03:52:09Z,negative,0.9749231338500977
NewsAPI - CNA,Indian IT stocks slide following US visa crackdown,"Indian information technology stocks fell nearly 3 per cent on Monday after U.S. President Donald Trump imposed a $100,000 fee on new H-1B visa applications, threatening the sector's long-standing model of rotating skilled workers into the U.S.The index was t…",https://www.channelnewsasia.com/business/indian-it-stocks-slide-following-us-visa-crackdown-5361201,2025-09-22T03:52:09Z,negative,0.9723085761070251
NewsAPI - CNA,Indian IT stocks slide amid US visa crackdown,"Indian information technology stocks fell 3.6 per cent on Monday after U.S. President Donald Trump imposed a $100,000 fee on new H-1B visa applications, threatening the sector's long-standing model of rotating skilled workers into the U.S.The index was the to…",https://www.channelnewsasia.com/business/indian-it-stocks-slide-amid-us-visa-crackdown-5361201,2025-09-22T03:52:09Z,negative,0.972665548324585
NewsAPI - CNA,Indian IT stocks slide on US visa crackdown,"Indian information technology stocks fell on Monday after U.S. President Donald Trump imposed a $100,000 fee on new H-1B visa applications, threatening the sector's long-standing model of rotating skilled workers through the U.S.On Friday, Trump said companie…",https://www.channelnewsasia.com/business/indian-it-stocks-slide-us-visa-crackdown-5361201,2025-09-22T03:52:09Z,negative,0.9731640815734863
NewsAPI - BusinessLine,"Share Market Highlights 22 Sept 2025: Sensex, Nifty slip as IT stocks sink on US H-1B visa fee shock","Sensex, Nifty updates on 22 Sept 2025: Indian equity benchmarks ended lower on Monday, led by a sharp sell-off in information technology stocks after the U.S. announced a steep $100,000 fee on new H-1B visa applications. The Sensex fell 466 points, or 0.56%, …",https://www.thehindubusinessline.com/markets/stock-market-highlights-22-september-2025/article70077008.ece,2025-09-22T01:11:58Z,negative,0.9753788113594055
NewsAPI - BusinessLine,Stock Market Live Updates 22 September 2025: Stock to buy today: Can Fin Homes (₹774) – BUY,"Sensex, Nifty, Share Price LIVE: The short-term outlook for Can Fin Homes is bullish. The stock has been inching down over the last few days. However, supports are there at ₹768 and ₹755 which can limit the downside. Resistance is at ₹790. A fresh rise either…",https://www.thehindubusinessline.com/markets/share-market-nifty-sensex-live-updates-22-september-2025/article70077008.ece,2025-09-22T01:11:58Z,negative,0.8592291474342346
NewsAPI - The Times of India,Ahead of Market: 10 things that will decide D-Street action on Monday,"Indian equities ended lower on Friday, with the Sensex down 387.73 points (0.47%) at 82,626.23 and the Nifty 50 slipping 96.55 points (0.38%) to 25,327.05, snapping a three-day winning streak. Analysts noted profit booking amid Fed rate cut hopes and U.S.-Ind…",https://economictimes.indiatimes.com/markets/stocks/news/ahead-of-market-10-things-that-will-decide-d-street-action-on-monday/articleshow/124027591.cms,2025-09-21T11:48:15Z,negative,0.972364604473114
NewsAPI - BusinessLine,Index Outlook: Radical Shift,"Bullish outlook for Nifty, Sensex, and Nifty Bank with potential short-term dips and long-term uptrend resumption.",https://www.thehindubusinessline.com/portfolio/technical-analysis/index-outlook-radical-shift/article70072869.ece,2025-09-20T15:12:43Z,negative,0.6306418180465698
NewsAPI - BusinessLine,F&O Tracker: Nifty futures and Nifty Bank futures break out of a barrier,"Analysis of Nifty and Nifty Bank futures and options data, suggesting potential strategies for traders in a volatile market.",https://www.thehindubusinessline.com/portfolio/commodity-analysis/fo-tracker-time-to-break-free/article70071352.ece,2025-09-20T15:12:23Z,positive,0.5038096904754639
NewsAPI - The Times of India,Too much weight on too few stocks? Gurmeet Chadha suggests broader metrics for index composition,"Concerns are rising over the weighting methodology of Indian indices like Nifty and Bank Nifty, with experts suggesting a re-evaluation. Gurmeet Chadha proposes incorporating GDP representation alongside free-float market cap. He highlighted that HDFC and ICI…",https://economictimes.indiatimes.com/markets/stocks/news/too-much-weight-on-too-few-stocks-gurmeet-chadha-suggests-broader-metrics-for-index-composition/articleshow/124013580.cms,2025-09-20T09:39:35Z,neutral,0.6691751480102539
NewsAPI - The Times of India,"A lost year for Indian equities: Sensex delivers 0% returns in 12 months, leaves investors empty-handed","Indian equities have underperformed in the last year, with the Sensex posting a -0.7% return. Weak corporate earnings, persistent foreign investor selling, and high valuations are to blame. Despite policy support, global uncertainties and trade tensions have …",https://economictimes.indiatimes.com/markets/stocks/news/a-lost-year-for-indian-equities-sensex-delivers-0-returns-in-12-months-leaves-investors-empty-handed/articleshow/124012743.cms,2025-09-20T08:19:18Z,negative,0.9664011001586914
NewsAPI - Economictimes.com,Edelweiss MF’s Altiva launches India’s first Hybrid Long-Short SIF. Radhika Gupta says it aims for absolute returns with low volatility,Edelweiss Mutual Fund introduces Altiva Hybrid Long-Short Fund. The NFO opens on October 1 and closes on October 15. This fund aims for consistent returns via equity arbitrage and fixed income. It also explores special situations like IPOs and buybacks. Radhi…,https://m.economictimes.com/mf/mf-news/edelweiss-mfs-altiva-launches-indias-first-hybrid-long-short-sif-radhika-gupta-says-it-aims-for-absolute-returns-with-low-volatility/articleshow/124010850.cms,2025-09-20T05:39:21Z,neutral,0.9192919731140137
NewsAPI - The Times of India,"FIIs make Rs 4,500 crore bet on auto stocks before GST cut fuels showroom rush from Monday","Foreign Institutional Investors (FIIs) have aggressively invested Rs 4,500 crore in Indian auto stocks following the GST rationalization announcement, anticipating a consumption-led rally. The GST Council's decision to slash tax rates across auto segments, co…",https://economictimes.indiatimes.com/markets/stocks/news/fiis-make-rs-4500-crore-bet-on-auto-stocks-before-gst-cut-fuels-showroom-rush-from-monday/articleshow/124009891.cms,2025-09-20T04:02:24Z,positive,0.6378345489501953
NewsAPI - Ndtvprofit.com,Consumer Services Sees Highest FPI Outflows In First Half Of September; Automobile Leads Inflows,"The consumer service stocks witnessed highest fortnightly outflows by overseas investors as foreign portfolio investors pulled $368 million from consumer service stocks during the first half of September, according to data released by National Securities Depo…",https://www.ndtvprofit.com/markets/consumer-services-sees-highest-fpi-outflows-in-first-half-of-september-automobile-leads-inflows,2025-09-19T17:26:19Z,positive,0.656836986541748
NewsAPI - Ndtvprofit.com,"Netweb's Monthly Order Wins Cross Rs 2,000 Crore With Fresh Pact To Supply AI GPU Systems","Netweb Technologies India on Friday informed the bourses of an order win worth Rs 450 crore for the supply of Tyrone AI GPU accelerated systems, through an exchange filing. The company bagged the order from one of the largest Indian-headquartered global provi…",https://www.ndtvprofit.com/business/netwebs-monthly-order-wins-cross-rs-2000-crore-with-fresh-pact-to-supply-ai-gpu-systems,2025-09-19T14:40:15Z,positive,0.9100220799446106
NewsAPI - BusinessLine,"Adani stocks surge 10% as SEBI clears group; Sensex, Nifty end lower on profit-taking","The Sensex fell 387.73 points or 0.47% to close at 82,626.23, while the Nifty 50 declined 96.55 points or 0.38% to settle at 25,327.05",https://www.thehindubusinessline.com/markets/adani-stocks-surge-10-as-sebi-clears-group-sensex-nifty-end-lower-on-profit-taking/article70069674.ece,2025-09-19T11:38:57Z,negative,0.9731718301773071
NewsAPI - Ndtvprofit.com,"Vedanta Rejects 'Malicious' Short-Seller Report, Denies Singapore Police Probe","A Vedanta spokesperson has compleltely rejected allegations made in a short seller's recent report, describing them as ""malicious and ill-informed."" In a formal statement, the company directly addressed claims of an ongoing investigation by the Singapore Poli…",https://www.ndtvprofit.com/markets/vedanta-rejects-malicious-short-seller-report-denies-singapore-police-probe,2025-09-19T11:11:36Z,negative,0.9041610360145569
NewsAPI - Yahoo Entertainment,"Inside the Fed’s economic projections, ‘something isn’t adding up’ according to SoFi investment chief",The Fed says the economy will grow and unemployment will decline. So why did it cut interest rates on Wednesday?,https://finance.yahoo.com/news/inside-fed-economic-projections-something-110448216.html,2025-09-19T11:04:48Z,negative,0.8233253359794617
NewsAPI - Fortune,"Inside the Fed’s economic projections, ‘something isn’t adding up’ according to SoFi investment chief",The Fed says the economy will grow and unemployment will decline. So why did it cut interest rates on Wednesday?,https://fortune.com/2025/09/19/the-feds-projections-something-isnt-adding-up-sofi-stocks/,2025-09-19T11:04:48Z,negative,0.8233253359794617
NewsAPI - The Times of India,"Rupee ends choppy week on a quiet note, slight downward bias may persist","The Indian Rupee saw a volatile week, closing nearly unchanged on Friday. It initially rose to a two-week high before retreating. This happened as the dollar and U.S. bond yields increased despite a U.S. rate cut. The rupee is expected to trade between 87.50 …",https://economictimes.indiatimes.com/markets/forex/rupee-ends-choppy-week-on-a-quiet-note-slight-downward-bias-may-persist/articleshow/123996556.cms,2025-09-19T10:31:51Z,negative,0.8104915618896484
NewsAPI - The Times of India,"Market Wrap: Sensex drops 387 pts, Nifty 50 slips below 25,400 as 3-day rally halts on profit-taking","Indian equities retreated on Friday, with the Sensex and Nifty snapping a three-day winning streak that had been buoyed by hopes of U.S. Federal Reserve rate cuts and progress in trade talks between New Delhi and Washington.",https://economictimes.indiatimes.com/markets/stocks/news/market-wrap-sensex-drops-387-pts-nifty-50-slips-below-25400-as-3-day-rally-halts-on-profit-taking/articleshow/123996369.cms,2025-09-19T10:24:40Z,negative,0.9716697931289673
NewsAPI - Fortune,Zelle chief Denise Leonhard says a lack of humor at work ‘kills creativity and makes people want to work less’,Also: All the news and watercooler chat from Fortune.,https://fortune.com/2025/09/19/zelle-chief-denise-leonhard-says-a-lack-of-humor-at-work-kills-creativity-and-makes-people-want-to-work-less/,2025-09-19T09:16:11Z,negative,0.6737870573997498
NewsAPI - BusinessLine,Markets consolidate in narrow band as profit-booking continues after three-day rally,"The indices opened marginally lower with the Nifty starting at 25,410.20 against the previous close of 25,423.60, while the Sensex opened at 82,946.04 compared to Thursday’s close of 83,013.96",https://www.thehindubusinessline.com/markets/stock-markets/markets-consolidate-in-narrow-band-as-profit-booking-continues-after-three-day-rally/article70069211.ece,2025-09-19T08:47:22Z,negative,0.9712651371955872
NewsAPI - BusinessLine,"Adani stocks defy market slump as Sensex, Nifty retreat after recent rally","A total of 3,042 stocks were traded in the market. Out of these, 1,483 stocks advanced, while 1,446 declined and 113 remained unchanged",https://www.thehindubusinessline.com/markets/stock-markets/adani-stocks-defy-market-slump-as-sensex-nifty-retreat-after-recent-rally/article70069171.ece,2025-09-19T08:26:43Z,negative,0.6036008596420288
NewsAPI - Livemint,Gemini prompts aren’t just for selfies; they could rescue your bank account too,"AI edits are trending on social media, but the same technology can help manage finances.",https://www.livemint.com/money/personal-finance/gemini-prompts-aren-t-just-for-selfies-they-could-rescue-your-bank-account-too-personal-finance-financial-planning-11758268912077.html,2025-09-19T08:17:14Z,neutral,0.9186046719551086
NewsAPI - The Times of India,No family savings or support. 24-year-old earning Rs 29k monthly decodes his expenses and asks internet for advice to buy a house,"A 24-year-old is diligently saving to buy a house despite earning a modest Rs 29,000 monthly. He has already saved ₹3 lakh, including an emergency fund and dedicated house savings, by prioritizing savings and family support. He allocates a significant portion…",https://economictimes.indiatimes.com/magazines/panache/no-family-savings-or-support-24-year-old-earning-rs-29k-monthly-decodes-his-expenses-and-asks-internet-for-advice-to-buy-a-house/articleshow/123993756.cms,2025-09-19T08:17:11Z,neutral,0.8821176290512085
NewsAPI - Ndtvprofit.com,Two Stocks That Delivered Consistent Annual Returns For A Decade,"In a market where over 6,500 companies are listed, only two names have stood the test of consistency. According to NDTV Profit's calculations HDFC Bank Ltd. and Pidilite Industries Ltd. have emerged as India’s most reliable stocks, delivering positive returns…",https://www.ndtvprofit.com/markets/indias-most-reliable-stocks-hdfc-bank-share-price-pidilite-deliver-consistent-annual-returns-for-a-decade,2025-09-19T08:04:49Z,positive,0.9354699850082397
NewsAPI - The Times of India,What sets great brokers apart from good ones? These 16 Angel One features offer clues,"Brokerage platforms are increasingly integrating analytics-driven tools to enhance trading and investment experiences. Angel One leads with a comprehensive suite of features, including instant order placement from charts, index trading, and advanced portfolio…",https://economictimes.indiatimes.com/markets/options/what-sets-great-brokers-apart-from-good-ones-these-16-angel-one-features-offer-clues/articleshow/123992460.cms,2025-09-19T07:08:46Z,neutral,0.8578119277954102
NewsAPI - Economictimes.com,"Rs 15,000 crore! Top 10 stocks that saw highest promoter & other insider selling in 2025","From January 1 to September 16, a handful of leading companies saw their insiders offload significant shares, Nuvama’s latest report shows. It’s been a year mostly filled with steep slides followed by moderately sharp rebounds. While some promoters snapped up…",https://m.economictimes.com/markets/stocks/news/rs-15000-crore-top-10-stocks-that-saw-highest-promoter-other-insider-selling-in-2025/taking-stock/slideshow/123991510.cms,2025-09-19T06:03:30Z,negative,0.8918391466140747
NewsAPI - Ndtvprofit.com,"Buzzing Stocks: Redington, GMDC, Netweb Technologies - Check Share Price, Stock Predictions And More","Redington share price, Gujarat Mineral Development Corporation (GMDC), Netweb Technologies were the stocks buzzing in trade today. Indian equity benchmarks declined on Friday after a three-day rally. The BSE Sensex fell as much as 0.5% to 82,580, while the NS…",https://www.ndtvprofit.com/markets/buzzing-stocks-redington-gmdc-netweb-technologies-and-more,2025-09-19T05:16:22Z,negative,0.9728867411613464
NewsAPI - BusinessLine,Markets open lower despite Fed rate cut optimism,"Among the top gainers on the Nifty 50, Adani Enterprises led with a surge of 3.58 per cent to ₹2,487.90, followed by Adani Ports which gained 1.60 per cent to ₹1,435.40",https://www.thehindubusinessline.com/markets/markets-open-lower-despite-fed-rate-cut-optimism/article70068706.ece,2025-09-19T05:15:40Z,positive,0.6131933927536011
NewsAPI - Ndtvprofit.com,Asahi India Glass Board Approves Allotment Of 1.18 Crore Shares To Eligible QIP At Issue Price,"Asahi India Glass Ltd., has approved issue and allotment of 1.18 crore shares to eligible qualified institutional placement at issue price of Rs 844.79 per share.",https://www.ndtvprofit.com/markets/asahi-india-glass-share-price-board-approves-allotment-of-118-crore-shares-to-eligible-qip-at-issue-price,2025-09-19T05:05:02Z,neutral,0.847822368144989
Livemint Web,"Saatvik Green Energy share price lists at₹465 on NSE, same as IPO price",,https://www.livemint.com/market/stock-market-news/flat-debut-saatvik-green-energy-share-price-lists-at-rs-465-on-nse-same-as-ipo-price-11758858844521.html,2025-09-26T10:22:52.547496,neutral,0.9453959465026855
Livemint Web,"Nifty 50, Sensex on September 26: What to expect in trade today",,https://www.livemint.com/market/stock-market-news/nifty-50-sensex-today-what-to-expect-from-indian-stock-market-in-trade-on-september-26-after-trump-tariffs-on-pharma-11758850845200.html,2025-09-26T10:22:52.547574,neutral,0.9088762402534485
Livemint Web,Nifty 50 slips below 25K after 5-day losing run; analysts see further weakness,,https://www.livemint.com/market/stock-market-news/nifty-50-slips-below-25k-after-5-day-losing-streak-analysts-see-further-weakness-11758809776925.html,2025-09-26T10:22:52.547721,negative,0.9635191559791565
Economic Times,"Market leadership could emerge from BFSI, metals and auto sector, says Sudip Bandyopadhyay",Indian markets are currently volatile. Metals showed some gains due to copper prices. The Reserve Bank of India policy and Q2 results are key triggers. BFSI sector may lead if the policy is favorable. Construction and infrastructure sectors are also promising. Metals have a long-term positive outlook.,https://economictimes.indiatimes.com/markets/expert-view/market-leadership-could-emerge-from-bfsi-metals-and-auto-sector-says-sudip-bandyopadhyay/articleshow/124144967.cms,"Fri, 26 Sep 2025 10:04:30 +0530",positive,0.8733422756195068
Economic Times,"Rupee recovers from all-time low, rises 6 paise to 88.70 against US dollar in early trade","The rupee rebounded slightly to 88.70 against the US dollar due to a weaker greenback and hopes for progress in India-US trade negotiations. However, the gains were limited by continuous foreign fund outflows and rising international crude oil prices. Markets are awaiting the RBI's rate decision amid these economic pressures and geopolitical uncertainties.",https://economictimes.indiatimes.com/markets/forex/rupee-recovers-from-all-time-low-rises-6-paise-to-88-70-against-us-dollar-in-early-trade/articleshow/124144683.cms,"Fri, 26 Sep 2025 09:51:57 +0530",negative,0.9101114273071289
Economic Times,Rs 3 lakh crore lollapalooza to hit India: What this means for consumer demand and stocks,"India is set for a consumption boost of Rs 3 lakh crore. GST and income tax cuts, along with RBI's rate reductions, will fuel this surge. Experts predict a 'Lollapalooza effect' impacting consumption-linked sectors. Rural demand is recovering, and urban areas will benefit from tax cuts. Discretionary spending is expected to rise.",https://economictimes.indiatimes.com/markets/stocks/news/rs-3-lakh-crore-lollapalooza-to-hit-india-what-this-means-for-consumer-demand-and-stocks/articleshow/124144283.cms,"Fri, 26 Sep 2025 09:41:41 +0530",positive,0.9408887028694153
Economic Times,"Sensex drops over 300 pts, Nifty below 24,800 as D-St extends losses to day 6 after Trump slaps fresh tariffs","Indian stock markets declined on Friday, extending losses for the sixth consecutive session, primarily driven by a sell-off in pharmaceutical stocks. This downturn followed U.S. President Donald Trump's announcement of new tariffs, including a 100% levy on branded drugs and 25% on heavy-duty trucks, impacting market sentiment and broader indices.",https://economictimes.indiatimes.com/markets/stocks/news/sensex-drops-over-200-pts-nifty-below-24850-as-d-st-extends-losses-to-day-6-after-trump-slaps-fresh-tariffs/articleshow/124143755.cms,"Fri, 26 Sep 2025 09:29:26 +0530",negative,0.9739788174629211
Economic Times,"Indian market in consolidation mode; consumption, retail banks to lead next leg of growth: Sushant Bhansali",Ambit Asset Management anticipates Indian stocks may rise. Festive sales and retail loans could boost growth. Corporate earnings are expected to recover. Sushant Bhansali notes current market consolidation. He predicts Q3 earnings will improve. Domestic sectors like autos are favored. Retail banks are well-positioned. Foreign investor interest in India is growing. A strong market is expected by 2026.,https://economictimes.indiatimes.com/markets/expert-view/indian-market-in-consolidation-mode-consumption-retail-banks-to-lead-next-leg-of-growth-sushant-bhansali/articleshow/124119628.cms,"Fri, 26 Sep 2025 09:11:00 +0530",positive,0.9532069563865662
Economic Times,"Seshaasai Technologies IPO allotment likely today. Check status, GMP, refund, listing and other details","Investors await the Seshaasai Technologies IPO share allotment, expected today. Applicants can check their status on the NSE/BSE or MUFG Intime website. Refunds and demat credit are scheduled for September 29, 2025. Listing is set for September 30. The IPO saw strong subscription rates across all investor categories. The company plans to use the funds for expansion and debt reduction.",https://economictimes.indiatimes.com/markets/ipos/fpos/seshaasai-technologies-ipo-allotment-likely-today-check-status-gmp-refund-listing-and-other-details/articleshow/124143312.cms,"Fri, 26 Sep 2025 09:03:22 +0530",positive,0.5844985246658325
Economic Times,Saatvik Green Energy shares list at 1% discount to IPO price on exchanges,"Saatvik Green Energy had a flat listing on the exchanges, debuting at Rs 465 on NSE and slightly lower on BSE. The IPO, which raised Rs 900 crore, was subscribed nearly seven times, driven by institutional investors.",https://economictimes.indiatimes.com/markets/stocks/news/saatvik-green-energy-shares-to-list-today-gmp-points-to-mild-debut/articleshow/124143202.cms,"Fri, 26 Sep 2025 08:58:56 +0530",negative,0.889738917350769
Economic Times,GK Energy shares debut at 12% premium over IPO price,"GK Energy shares debuted with a premium, listing at Rs 171 on NSE and Rs 165 on BSE against an IPO price of Rs 153, driven by strong investor demand that oversubscribed the Rs 464 crore IPO by 93.6 times.",https://economictimes.indiatimes.com/markets/stocks/news/gk-energy-shares-to-debut-today-gmp-hints-at-modest-listing-gains/articleshow/124143154.cms,"Fri, 26 Sep 2025 08:57:07 +0530",positive,0.9437193274497986
Economic Times,"Jaro Education IPO allotment likely today. Check status, GMP, refund, listing and other details","The allotment of shares for Jaro Education’s ₹450 crore IPO is expected to be finalized today. Investors who applied for the issue can check their status online via the BSE, NSE, or registrar Bigshare Services. The shares will be credited to demat accounts by September 29, with listing scheduled on September 30, where the issue is expected to debut at a premium.",https://economictimes.indiatimes.com/markets/ipos/fpos/jaro-education-ipo-allotment-likely-today-check-status-gmp-refund-listing-and-other-details/articleshow/124142089.cms,"Fri, 26 Sep 2025 08:22:25 +0530",neutral,0.958186686038971
Economic Times,Anand Rathi Share IPO allotment: Here’s how to check status as GMP stays modest,"Anand Rathi Share and Stock Brokers’ ₹745 crore IPO allotment will be finalized on Friday, with shares listing on NSE and BSE on September 30.",https://economictimes.indiatimes.com/markets/ipos/fpos/anand-rathi-share-ipo-allotment-heres-how-to-check-status-as-gmp-stays-modest/articleshow/124141996.cms,"Fri, 26 Sep 2025 08:18:43 +0530",neutral,0.9495086669921875
Economic Times,India’s options crackdown gives 150-year-old bourse surprise win,"BSE is gaining ground in India’s derivatives market after SEBI’s crackdown reshaped weekly expiries. By shifting its contracts to Thursdays, the 150-year-old exchange has captured traders’ attention, challenging NSE’s long-held dominance. While liquidity hurdles remain, BSE’s rising turnover on expiry days signals a shift in market dynamics that could redefine competition in derivatives trading.",https://economictimes.indiatimes.com/markets/stocks/news/indias-options-crackdown-gives-150-year-old-bourse-surprise-win/articleshow/124141894.cms,"Fri, 26 Sep 2025 08:17:03 +0530",positive,0.8720000386238098
Economic Times,"Solarworld Energy Solutions IPO allotment likely today. Check status, GMP and other details","Solarworld Energy Solutions’ ₹490 crore IPO saw strong demand with 68.5x subscription; allotment will be finalized on Friday, ahead of listing on NSE and BSE on September 30.",https://economictimes.indiatimes.com/markets/ipos/fpos/solarworld-energy-solutions-ipo-allotment-likely-today-check-status-gmp-and-other-details/articleshow/124141893.cms,"Fri, 26 Sep 2025 08:15:23 +0530",neutral,0.5449865460395813
