date,title,source,link,summary,sentiment_label,sentiment_score
2025-09-15,"Festive offers, tax cuts to fuel retail lending by banks",NewsAPI - The Times of India,https://economictimes.indiatimes.com/industry/services/retail/festive-offers-tax-cuts-to-fuel-retail-lending-by-banks/articleshow/123887194.cms,"Indian banks are strategically leveraging the festive season and recent tax cuts to revitalize loan growth, particularly in high-margin retail sectors. HDFC Bank, ICICI Bank, Axis Bank, SBI, and BoB are rolling out festive offers and discounts to capitalize o…",positive,0.888868
2025-09-15,"Festive offers, tax cuts to fuel retail lending by banks",NewsAPI - The Times of India,https://economictimes.indiatimes.com/industry/services/retail/festive-offers-tax-cuts-to-fuel-retail-lending-by-banks/articleshow/123887133.cms,"Indian banks are strategically leveraging the festive season and recent tax cuts to revitalize loan growth, particularly in high-margin retail sectors. HDFC Bank, ICICI Bank, Axis Bank, SBI, and BoB are rolling out festive offers and discounts to capitalize o…",positive,0.888868
2025-09-15,"Yes Bank stake sale: SBI, private banks set to reap a big tax bonanza",NewsAPI - The Times of India,https://economictimes.indiatimes.com/industry/banking/finance/banking/yes-bank-stake-sale-sbi-private-banks-set-to-reap-a-big-tax-bonanza/articleshow/123889485.cms,"SBI and a group of private banks are poised to receive a tax exemption on ₹13,483 crore income from selling their stake in Yes Bank to SMBC. The Yes Bank Reconstruction Scheme, 2020, exempts banks from capital gains tax on profits from the share sale. This de…",neutral,0.854821
2025-09-15,"Festive offers, tax cuts to fuel retail lending by banks",NewsAPI - The Times of India,https://economictimes.indiatimes.com/industry/services/retail/festive-offers-tax-cuts-to-fuel-retail-lending-by-banks/articleshow/123889558.cms,"Indian banks are strategically leveraging the festive season and recent tax cuts to revitalize loan growth, particularly in high-margin retail sectors. HDFC Bank, ICICI Bank, Axis Bank, SBI, and BoB are rolling out festive offers and discounts to capitalize o…",positive,0.888868
2025-09-15,ITC Foods to ride q-comm wave with fresh pack foray,NewsAPI - The Times of India,https://economictimes.indiatimes.com/industry/cons-products/fmcg/itc-foods-to-ride-q-comm-wave-with-fresh-pack-foray/articleshow/123886597.cms,"ITC Foods is strategically entering the fresh packaged foods market, including cookies, cakes, and chapatis, to capitalize on the growing quick commerce demand. The company aims to meet the rising consumer appetite for convenience-led, freshly-made food with …",positive,0.860208
2025-09-15,"Yes Bank stake sale: SBI, private banks set to reap a big tax bonanza",NewsAPI - The Times of India,https://economictimes.indiatimes.com/industry/banking/finance/banking/yes-bank-stake-sale-sbi-private-banks-set-to-reap-a-big-tax-bonanza/articleshow/123886476.cms,"SBI and a group of private banks are poised to receive a tax exemption on ₹13,483 crore income from selling their stake in Yes Bank to SMBC. The Yes Bank Reconstruction Scheme, 2020, exempts banks from capital gains tax on profits from the share sale. This de…",neutral,0.854821
2025-09-15,"Market cheers Infosys buyback, but tax bite looms for investors",NewsAPI - The Times of India,https://economictimes.indiatimes.com/markets/stocks/news/infosys-buyback-cheers-market-but-tax-bite-looms-for-investors/articleshow/123889488.cms,Infosys has announced a mega share buyback. This has brought cheer to the stock market. New tax rules apply to this buyback. Individual shareholders now pay tax on the entire buyback amount. This is treated as dividend income. TDS applies. Investors can recor…,neutral,0.930221
2025-09-15,"Inflation's ways give room for a rate cut, but RBI may not do it",NewsAPI - The Times of India,https://economictimes.indiatimes.com/news/economy/indicators/inflations-ways-give-room-for-a-rate-cut-but-rbi-may-not-do-it/articleshow/123887196.cms,"Despite benign inflation and room for monetary easing, economists anticipate the RBI to maintain rates at its October meeting. While recent GST cuts and a strong Q1 GDP offer a consumption boost, the impact of tariffs and potential food price increases due to…",positive,0.861938
2025-09-15,"Inflation's ways give room for a rate cut, but RBI may not do it",NewsAPI - The Times of India,https://economictimes.indiatimes.com/news/economy/indicators/inflations-ways-give-room-for-a-rate-cut-but-rbi-may-not-do-it/articleshow/123889556.cms,"Despite benign inflation and room for monetary easing, economists anticipate the RBI to maintain rates at its October meeting. While recent GST cuts and a strong Q1 GDP offer a consumption boost, the impact of tariffs and potential food price increases due to…",positive,0.861938
2025-09-15,"Day Trading Guide For September 16, 2025 - Intraday supports, resistances for Nifty50 stocks",NewsAPI - BusinessLine,https://www.thehindubusinessline.com/portfolio/day-trading-guide/day-trading-guide-for-september-16/article70052582.ece,"Day Trading Guide gives you the key intraday supports and resistances to watch out for on the Nifty Futures and other widely traded stocks such as Reliance Industries, Infosys, HDFC Bank, TCS, SBI.",neutral,0.932007
2025-09-15,"Top gainers & losers today, 15 September: Bajaj Finance, Eternal among top gainers; M&M, Asian Paints decline",NewsAPI - BusinessLine,https://www.thehindubusinessline.com/markets/stock-markets/nse-bse-stock-market-top-gainers-top-losers-today-bajajfinance-eternal-ultracemco-15-september-2025/article70052642.ece,"Markets slip as IT and pharma stocks drag indices lower, ending an eight-session winning streak.",negative,0.970862
2025-09-15,"Eternal becomes top pick in mutual fund portfolios in August, bought for Rs 7,200 crore",NewsAPI - Economictimes.com,https://m.economictimes.com/mf/analysis/eternal-becomes-top-pick-in-mutual-fund-portfolios-in-august-bought-for-rs-7200-crore/articleshow/123895398.cms,"Eternal (formerly Zomato) emerged as mutual funds' top pick in August, attracting ₹7,200 crore, surpassing giants like Infosys and HDFC Bank. Several AMCs, including Aditya Birla Sun Life and Axis Mutual Fund, significantly added the stock, while SBI Mutual F…",positive,0.901492
2025-09-15,"Jaguar Land Rover supply chain workers must get Covid-style support, says union",NewsAPI - Theregister.com,https://www.theregister.com/2025/09/15/covidstyle_furlough_schemes_for_jlr/,"As post-cyberattack layoffs begin, labor org argues UK goverment should step in
The UK's chief automotive workers' union is calling on the government to establish a Covid-esque furlough scheme for the thousands of individuals who face losing their jobs due to…",negative,0.921992
2025-09-15,Sunil Bharti Mittal Joins Board Of British Telecom Giant BT Group,NewsAPI - Ndtvprofit.com,https://www.ndtvprofit.com/business/sunil-bharti-mittal-joins-board-of-british-telecom-giant-bt-group,"UK telecom giant BT Group plc on Monday appointed Indian billionaire Sunil Bharti Mittal and a Bharti Airtel Ltd. executive on its board. Mittal and Gopal Vittal, vice chairman and managing director of Bharti Airtel, will join the board of BT Group as non-ind…",neutral,0.942316
2025-09-15,"Army soldier’s WhatsApp hacked to purchase cell phones from his credit card, 3 arrested",NewsAPI - The Indian Express,https://indianexpress.com/article/cities/pune/army-soldiers-whatsapp-hacked-purchase-cell-phones-credit-card-arrested-10251975/,"The arrests followed after an Indian Army soldier, who is a native of Assam but currently residing in Pune, registered a complaint with police.",negative,0.87267
2025-09-15,"Improving sentiment may take Nifty towards 25,500: Analysts",NewsAPI - The Times of India,https://economictimes.indiatimes.com/markets/stocks/news/improving-sentiment-may-take-nifty-towards-25500-analysts/articleshow/123889523.cms,"Nifty 50 is set to climb towards 25,500. Market breadth is improving. Analysts suggest buying on dips, with support at 24,700. BFSI, auto, consumption, and metals sectors are likely to outperform. IT and infrastructure sectors present bargain-buying chances. …",positive,0.952778
2025-09-15,"Mid-market: Nifty trades near day’s low; realty stocks shine, IT majors Infosys, TCS dip",NewsAPI - BusinessLine,https://www.thehindubusinessline.com/markets/stock-markets/top-gainers-losers-today-sepember-15-2025-nifty-trades-near-days-low-realty-stocks-shine-it-majors-infosys-tcs-dip/article70051812.ece,"Sensex dipped by 20.40 pts to 81,884.30 at 1.01 pm after opening the day’s trade flat at 81,925.51. Nifty 50 dropped by 14.70 pts to 25,099.30 (close to day’s low of 25,064.65)",negative,0.971423
2025-09-15,Sensex and Nifty50 open flat as IT weakness offsets gains in auto stocks,NewsAPI - The Times of India,https://economictimes.indiatimes.com/markets/stocks/news/sensex-and-nifty-50-open-flat-as-it-weakness-offsets-gains-in-auto-players/articleshow/123891213.cms,"Indian stock markets, Sensex and Nifty, started the week cautiously. This mirrored a similar trend in Asian markets. Investors are awaiting the U.S. Federal Reserve's policy meeting. They also anticipate progress in India's trade talks with Washington. The Se…",negative,0.942875
2025-09-15,China's property investment falls 12.9% y/y in January-August,NewsAPI - The Times of India,https://economictimes.indiatimes.com/markets/digital-real-estate/realty-news/chinas-property-investment-falls-12-9-y/y-in-january-august/articleshow/123890156.cms,China's property sector faces continued downturn. Investment witnessed a 12.9% drop in the initial eight months. This follows a 12% decrease earlier in the year. Property sales also declined by 4.7%. New construction starts slumped by 19.5%. Funding for devel…,negative,0.975333
2025-09-15,"Engineers’ Day 2025: ‘There are no shortcuts to getting rich’ – Mokshagundam Visvesvaraya to Nithin Kamath, some famous engineers’ quotes",NewsAPI - The Indian Express,https://indianexpress.com/article/education/engineers-day-2025-mokshagundam-visvesvaraya-narayana-murthy-some-famous-quotes-10243488/,"In this article, we have curated a collection of inspiring quotes that capture the spirit of engineering — its challenges, triumphs, and relentless pursuit of progress.",neutral,0.87106
2025-09-15,Elon Musk purchases about $1 billion worth of Tesla shares,NewsAPI - The Times of India,https://economictimes.indiatimes.com/markets/stocks/news/elon-musk-purchases-about-1-billion-worth-of-tesla-shares/articleshow/123899932.cms,"Elon Musk's trust acquired approximately $1 billion in Tesla shares on September 12, as revealed in a regulatory filing. This purchase occurred around the same time Tesla Chair Robyn Denholm discussed Musk's potential trillion-dollar pay package tied to ambit…",neutral,0.900291
2025-09-15,"Google shares rise 4%, parent Alphabet hits $3 trillion in market capitalization",NewsAPI - The Times of India,https://economictimes.indiatimes.com/markets/stocks/news/google-shares-rise-4-parent-alphabet-hits-3-trillion-in-market-capitalization/articleshow/123903861.cms,"Alphabet's market capitalization soared to $3 trillion on Monday, fueled by AI optimism and a favorable antitrust ruling. The company's Class A and C shares reached record highs, joining Apple, Microsoft, and Nvidia in the trillion-dollar club. A U.S. federal…",positive,0.928653
2025-09-15,Muthoot Finance raises $600 million via international bond markets,NewsAPI - The Times of India,https://economictimes.indiatimes.com/markets/bonds/muthoot-finance-raises-600-million-via-international-bond-markets/articleshow/123895728.cms,"Muthoot Finance, India’s largest gold loan NBFC, has raised USD 600 million through an international bond issuance under its External Commercial Borrowing (ECB) programme. The proceeds will fund lending activities, allowing the company to extend more credit a…",positive,0.87135
2025-09-15,Markets regulator approves Pine Labs' IPO,NewsAPI - The Times of India,https://economictimes.indiatimes.com/markets/ipos/fpos/markets-regulator-approves-pine-labs-ipo/articleshow/123898862.cms,"India's market regulator has given the green light to fintech firm Pine Labs for its initial public offering. The IPO, potentially valued at $1 billion, aims for a valuation of up to $6 billion. Pine Labs intends to utilize the IPO proceeds for overseas inves…",neutral,0.619506
2025-09-15,Pre-market action: Here's the trade setup for today's session,NewsAPI - The Times of India,https://economictimes.indiatimes.com/markets/stocks/news/pre-market-action-heres-the-trade-setup-for-todays-session/articleshow/123884308.cms,"Nifty extended its winning streak for the eighth consecutive session, fueled by global market optimism and hopes for a US Fed rate cut. The near-term market outlook remains positive, supported by a rising support base around the 24,900 level. FIIs and DIIs we…",positive,0.907644
2025-09-15,Markets open mixed as investors await Fed decision,NewsAPI - BusinessLine,https://www.thehindubusinessline.com/markets/stock-markets/markets-open-mixed-as-investors-await-fed-decision/article70051348.ece,"Market analysts remain cautiously optimistic despite the mixed opening, with several pointing to technical strength and regulatory reforms as positive catalysts",positive,0.826849
2025-09-15,"Nifty Prediction Today – September 15, 2025: Nifty 50 Futures: A short-lived correction is possible. Wait for dips to go long",NewsAPI - BusinessLine,https://www.thehindubusinessline.com/portfolio/technical-analysis/nifty-prediction-today-september-15-2025-nifty-50-futures-a-short-lived-correction-is-possible-wait-for-dips-to-go-long/article70051339.ece,"Nifty 50 trading stable at 25,105, down 0.04%. Positive sentiment may attract fresh buyers, with support at 25,080.",negative,0.965875
2025-09-15,"SBI loan interest rates September 2025: Check State Bank of India’s latest home loan rates, MCLR, EBLR and RLLR here",NewsAPI - The Times of India,https://economictimes.indiatimes.com/wealth/borrow/sbi-loan-interest-rates-september-2025-check-state-bank-of-indias-latest-home-loan-rates-mclr-eblr-and-rllr-here/articleshow/123893805.cms,"State Bank of India (SBI) has maintained its key lending rates unchanged for September 2025, including MCLR and external benchmark-linked rates. MCLR rates range from 7.90% to 8.85%, while home loan interest rates vary from 7.50% to 8.70%. The EBLR stands at …",neutral,0.887339
2025-09-15,"GST waiver on life, health cover: A catalyst for a new phase of growth",NewsAPI - BusinessLine,https://www.thehindubusinessline.com/specials/current-account/gst-waiver-on-life-health-cover-a-catalyst-for-a-new-phase-of-growth/article70045029.ece,Recent GST waiver on individual life and health insurance policies expected to drive growth and affordability in the insurance industry.,positive,0.870373
2025-09-15,All You Need To Know Going Into Trade On Monday,NewsAPI - Ndtvprofit.com,https://www.ndtvprofit.com/markets/stock-market-today-all-you-need-to-know-going-into-trade-on-sept-15-2025,"The Nifty ended in the green for the eighth consecutive session on Friday, marking its longest winning streak in over a year. On a weekly basis, both the Nifty and the Sensex posted a second week of rally. The NSE Nifty 50 settled 108.5 points or 0.43% higher…",positive,0.87995
2025-09-15,"Stocks To Watch Today: Apollo Hospital, ICICI Bank, Religare Enterprises, Engineers India And More",NewsAPI - Ndtvprofit.com,https://www.ndtvprofit.com/markets/stocks-to-watch-today-apollo-hospital-icici-bank-religare-enterprises-engineers-india-and-more,"Apollo Hospital Enterprises Ltd., ICICI Bank Ltd., Religare Enterprises Ltd., Engineers India Ltd. and Ceigall Ltd. are some of the stocks that are going to catch investor's attention on Monday.",neutral,0.920384
2025-09-15,"Personal loans can help cover medical expenses with quick approval, flexible repayment and essential financial support",NewsAPI - Livemint,https://www.livemint.com/money/personal-finance/personal-loans-can-help-cover-medical-expenses-with-quick-approval-flexible-repayment-and-essential-financial-support-11757937444270.html,"Personal loans can be used for medical expenses. These loans can provide quick funds without collateral, covering hospitalisation, surgeries, and therapies. They offer flexible repayment options, minimal paperwork, and competitive interest rates to ease finan…",neutral,0.783589
2025-09-15,Two bank officer sisters die in Muzaffarpur train accident,NewsAPI - The Times of India,https://timesofindia.indiatimes.com/city/patna/two-bank-officer-sisters-die-in-muzaffarpur-train-accident/articleshow/123900586.cms,"In a tragic accident near Muzaffarpur, two sisters, Ruchi and Suruchi, both bank probationary officers, died while attempting to disembark from a moving train. Ruchi, who worked with Canara Bank, and Suruchi, with State Bank of India, were commuting from Patn…",negative,0.757317
2025-09-15,Markets hold steady as investors await Fed decision,NewsAPI - BusinessLine,https://www.thehindubusinessline.com/markets/stock-markets/markets-hold-steady-as-investors-await-fed-decision/article70051996.ece,"Financial services emerged as the top performing sector with Jio Financial Services leading the Nifty 50 gainers, rising 1.03% to ₹314.40",positive,0.950422
2025-09-15,"Infosys and other IT stocks slip up to 2% as profit-taking sets in after buyback-fueled rally, Fed caution looms",NewsAPI - The Times of India,https://economictimes.indiatimes.com/markets/stocks/news/infosys-and-other-it-stocks-slip-up-to-2-as-profit-taking-sets-in-after-buyback-fueled-rally-fed-caution-looms/articleshow/123894359.cms,"Infosys and other Indian IT shares fell on Monday as investors booked profits after last week’s 4.3% sector rally, spurred by Infosys’ record Rs 18,000 crore buyback. Rising caution ahead of the US Federal Reserve’s policy meeting also weighed on sentiment. T…",negative,0.969804
2025-09-15,Mukesh Ambani working on listing of Reliance Retail with $200-billion valuation,NewsAPI - BusinessLine,https://www.thehindubusinessline.com/companies/mukesh-ambani-working-on-listing-of-reliance-retail-with-200-billion-valuation/article70053923.ece,"Sources indicated that the FMCG demerger and the rationalisation of Reliance Retail’s store network, by closing down under-performing stores, is being done to boost the margins of Reliance Retail",positive,0.890149
2025-09-15,Which form of energy is the cheapest? CBS News asked experts to find out.,NewsAPI - CBS News,https://www.cbsnews.com/news/form-of-energy-cheapest-lazard-lcoe/,"CBS News looked at the cost of producing coal, gas, nuclear, wind and solar energy to determine which is the cheapest.",neutral,0.932557
2025-09-15,"Sunil Mittal, Gopal Vittal join BT Group board as non-independent, non-executive directors",NewsAPI - The Times of India,https://economictimes.indiatimes.com/industry/telecom/telecom-news/sunil-mittal-gopal-vittal-join-bt-group-board-as-non-independent-non-executive-directors/articleshow/123902529.cms,"BT Group announced the appointment of Sunil Bharti Mittal, Founder and Chairman of Bharti Enterprises, and Gopal Vittal, Vice Chairman and Managing Director of Bharti Airtel, to its board as non-independent non-executive directors, effective September 15, 202…",neutral,0.946623
2025-09-15,"LIC MF’s Toshniwal backs IT, banks, retail NBFCs; cautions on FMCG and staples",NewsAPI - The Times of India,https://economictimes.indiatimes.com/markets/stocks/news/lic-mfs-toshniwal-backs-it-banks-retail-nbfcs-cautions-on-fmcg-and-staples/articleshow/123893526.cms,"Jaiprakash Toshniwal of LIC MF Asset Management sees a positive turn for Indian stocks. Festive demand and a resilient economy are key factors. He favors IT, banking, and retail NBFCs. He advises caution on overvalued staples. He notes improved conditions in …",positive,0.834028
2025-09-15,"Sensex, Nifty snap eight-day rally as markets turn cautious ahead of Fed policy meet",NewsAPI - BusinessLine,https://www.thehindubusinessline.com/markets/sensex-nifty-snap-eight-day-rally-as-markets-turn-cautious-ahead-of-fed-policy-meet/article70052653.ece,"Sensex depreciated by 118.96 points or 0.15% to settle at 81,785.74, while the Nifty 50 dropped by 44.80 points or 0.18% to 25,069.20",negative,0.965905
2025-09-15,Ahead of Market: 10 things that will decide stock market action on Tuesday,NewsAPI - The Times of India,https://economictimes.indiatimes.com/markets/stocks/news/ahead-of-market-10-things-that-will-decide-stock-market-action-on-tuesday/articleshow/123904947.cms,"Indian market closed lower on Monday, ending an eight-session winning streak, influenced by weakness in IT and auto sectors. Investors were cautious ahead of the U.S. Federal Reserve's policy decision. The Nifty formed a reversal candle, indicating uncertaint…",negative,0.966786
2025-09-15,"Flipkart Big Billion Days Sale 2025: Google Pixel 9, Pixel 9 Pro Fold to be available with massive discount",NewsAPI - The Times of India,https://economictimes.indiatimes.com/news/new-updates/flipkart-big-billion-days-sale-2025-google-pixel-9-pixel-9-pro-fold-to-be-available-with-massive-discount/articleshow/123895909.cms,"Google's Pixel 9 series will see record-low prices during Flipkart's Big Billion Days sale, starting September 22nd. The Pixel 9 will be available for ₹34,999, significantly reduced from its launch price. The Pixel 9 Pro Fold also receives a substantial price…",negative,0.67368
2025-09-15,"Market Wrap: Sensex slips 119 points, Nifty snaps 8-day winning run as IT, auto stocks drag ahead of Fed decision",NewsAPI - The Times of India,https://economictimes.indiatimes.com/markets/stocks/news/market-wrap-sensex-slips-119-points-nifty-snaps-8-day-winning-run-as-it-auto-stocks-drag-ahead-of-fed-decision/articleshow/123898842.cms,"Indian equities ended lower on Monday, with the Nifty 50 breaking an eight-session winning streak, as weakness in IT and auto shares dragged benchmarks lower.",negative,0.970972
2025-09-15,"ITR filing 2025: What you should know about Form 26AS, AIS and TIS",NewsAPI - The Times of India,https://economictimes.indiatimes.com/wealth/tax/itr-filing-2025-what-you-should-know-about-form-26as-ais-and-tis/articleshow/123855275.cms,"If you are confused by personal finance terms, jargon and calculations, here’s a series to simplify and deconstruct these for you. In the 68th part of this series, ET Wealth explains the difference between the three forms that help you file error-free income …",neutral,0.927588
2025-09-15,Bharti big shots storm BT boardroom after £3.6B raid,NewsAPI - Theregister.com,https://www.theregister.com/2025/09/15/bharti_big_shots_storm_bt/,"Sign 'relationship agreement' as Bharti Mittal and Vittal take non-exec directorships
BT - Britain's former state-owned telecoms monopoly - has confirmed that execs from Bharti Global, its largest shareholder, are joining the board with immediate effect.…",neutral,0.902189
2025-09-15,"Bajaj Finance, GMDC among 5 stocks witness 5-year swing high breakout",NewsAPI - Economictimes.com,https://m.economictimes.com/markets/stocks/news/bajaj-finance-gmdc-among-5-stocks-witness-5-year-swing-high-breakout/bullish-signal/slideshow/123890572.cms,"In the NSE list of stocks with a market cap over Rs 1,000 crore, five stocks witnessed a 5-year swing high at the close on September 12, suggesting bullishness in counters, according to stockedge.com's technical scan data.A 5-year swing high represents the hi…",positive,0.754111
2025-09-15,Databricks names Kamalkanth Tummala India country manager,NewsAPI - The Times of India,https://economictimes.indiatimes.com/tech/technology/databricks-names-kamalkanth-tummala-india-country-manager/articleshow/123896380.cms,"Databricks has appointed Kamalkanth Tummala as country manager for India. Formerly with Salesforce, Tummala will lead the company’s $250 million India investment across research, training, and go-to-market operations. Databricks, valued at over $100 billion, …",neutral,0.901921
2025-09-15,"L&T willing to exit from debt-ridden, loss-making Hyderabad Metro Rail project",NewsAPI - BusinessLine,https://www.thehindubusinessline.com/companies/lt-willing-to-exit-from-debt-ridden-loss-making-hyderabad-metro-rail-project/article70051572.ece,"Infra major proposes handing over its over 90% stake to government via new SPV; cites operational, financial strain and lack of state support",negative,0.956633
2025-09-15,India Inc veers away from debt market as bond yields harden,NewsAPI - The Times of India,https://economictimes.indiatimes.com/markets/bonds/india-inc-veers-away-from-debt-market-as-bond-yields-harden/articleshow/123889614.cms,"Indian companies and financial institutions significantly reduced their short-term borrowing from the debt market in August, issuing ₹1.18 lakh crore in commercial papers, a drop of 23% month-on-month. This decline is attributed to hardening bond yields, whic…",negative,0.972859
2025-09-15,"UPSC Key: New Defence Procurement Manual, Operation Polo, and Manki-Munda system",NewsAPI - The Indian Express,https://indianexpress.com/article/upsc-current-affairs/upsc-key-defence-procurement-manual-operation-polo-manki-munda-system-10251566/,"How are the Supreme Court & Presidential references relevant to the UPSC exam? What significance do topics like the Scarborough Shoal issue, Operation Polo, and the Manki-Munda system have for both the preliminary and main exams? You can learn more by reading…",neutral,0.938677
2025-09-15,UCO Bank Gets Approval To Work With Sanctioned Refiner Nayara Energy,NewsAPI - Ndtvprofit.com,https://www.ndtvprofit.com/business/uco-bank-gets-approval-to-work-with-sanctioned-refiner-nayara-energy,"Indian lender UCO Bank has received government approval to facilitate trade payments for Nayara Energy Ltd., according to people familiar with the matter, nearly two months after the refiner was sanctioned by the EU and subsequently shunned by large financial…",positive,0.816701
2025-09-15,Raheja Universal buys back HQ for Rs 211 cr,NewsAPI - The Times of India,https://economictimes.indiatimes.com/industry/services/property-/-cstruction/raheja-universal-buys-back-hq-for-rs-211-cr/articleshow/123904629.cms,"Raheja Universal has reacquired its former corporate headquarters, Raheja Centre-Point, for ₹211 crore. The five-story commercial building, originally developed by Raheja Universal in 2004, was sold to HDFC in 2020 as part of a portfolio realignment. Followin…",neutral,0.932559
2025-09-15,"Maharashtra Scooters, Bajaj Finance among 11 stocks that hit 52-week highs&ralliedup to 35% in a month",NewsAPI - Economictimes.com,https://m.economictimes.com/markets/stocks/news/maharashtra-scooters-bajaj-finance-among-11-stocks-that-hit-52-week-highs-rallied-up-to-35-in-a-month/new-tops/slideshow/123902559.cms,"On Monday, the benchmark Sensex dipped by approximately 119 points, closing at 81,785. Despite the broader market weakness, 11 stocks from the BSE 500 index climbed to their 52-week highs, marking their highest levels in a year. These breakout moves are often…",negative,0.955178
2025-09-15,BlackRock inks ₹410-cr lease with Indiqube for 1.43 lakh sq. ft. office in Bengaluru,NewsAPI - BusinessLine,https://www.thehindubusinessline.com/news/real-estate/blackrock-inks-410-cr-lease-with-indiqube-for-143-lakh-sq-ft-office-in-bengaluru/article70052514.ece,"The lease covers ground plus five floors in the building, with rentals fixed at ₹190 per sq. ft per month; BlackRock will also pay a security deposit of ₹21.75 crore",neutral,0.922101
2025-09-15,"Ircon International, RVNL, other railway stocks rally up to 9% amid heavy trade volumes",NewsAPI - The Times of India,https://economictimes.indiatimes.com/markets/stocks/news/ircon-international-rvnl-other-railway-stocks-rally-up-to-9-amid-heavy-trade-volumes/articleshow/123893104.cms,"Railway stocks surged on Monday, with some counters rallying up to 9% on heavy volumes. Ircon International led the gains, followed by RVNL, Titagarh Rail, Texmaco Rail, and IRFC, while IRCTC saw modest growth. The sector’s rally was driven by strong buying i…",positive,0.954223
2025-09-15,Godfrey Phillips Bonus Issue: Last Day To Buy Shares To Qualify Before Record Date - Check Details,NewsAPI - Ndtvprofit.com,https://www.ndtvprofit.com/markets/godfrey-phillips-bonus-issue-last-day-to-buy-shares-to-qualify-before-record-date-check-details,Godfrey Phillips India Ltd. will be on the market radar on Monday as it marks the last session for investors to buy shares to qualify for the bonus issue of shares ahead of the record date. The company will give two free bonus equity shares of face value of R…,neutral,0.947399
2025-09-15,Here’s what sets apart the top companies most ready to thrive in the age of AI — and U.S. tech is leading the way,NewsAPI - Fortune,https://fortune.com/2025/09/15/fortune-future-50-snowflake-databricks-celonis/,Also: All the news and watercooler chat from Fortune.,neutral,0.914816
2025-09-15,"This week’s Fed meeting is likely to be the most divisive in three decades, says Deutsche Bank",NewsAPI - Fortune,https://fortune.com/2025/09/15/fed-meeting-dissent-jerome-powell-base-rate-call/,"With markets convinced of a Fed rate cut, Powell must navigate divisions inside the FOMC over inflation, tariffs, and jobs data.",negative,0.899913
2025-09-15,India’s UCO Gets Approval to Work with Sanctioned Refiner Nayara,NewsAPI - Livemint,https://www.livemint.com/companies/news/indias-uco-gets-approval-to-work-with-sanctioned-refiner-nayara-11757939185430.html,"Indian lender UCO Bank has received government approval to facilitate trade payments for Nayara Energy Ltd., according to people familiar with the matter, nearly two months after the refiner was sanctioned by the EU and subsequently shunned by large financial…",positive,0.709206
2025-09-15,"Rupee ends little changed, importer hedging caps lift from softer dollar",NewsAPI - The Times of India,https://economictimes.indiatimes.com/markets/forex/rupee-ends-little-changed-importer-hedging-caps-lift-from-softer-dollar/articleshow/123899093.cms,The Indian Rupee remained stable on Monday. A weaker dollar provided some support. Importer hedging and weak foreign investment limited gains. India's trade deficit narrowed in August. Trade talks between India and the United States are scheduled. Investors a…,negative,0.544741
2025-09-15,"Indian rupee to struggle on tariff drag, bond traders eye Fed decision",NewsAPI - The Times of India,https://economictimes.indiatimes.com/markets/bonds/indian-rupee-to-struggle-on-tariff-drag-bond-traders-eye-fed-decision/articleshow/123890069.cms,"Indian rupee and bond traders are keenly awaiting the Federal Reserve's anticipated interest rate cut this week, despite the rupee's recent record lows against the dollar. While a weaker dollar might offer some support, the rupee is expected to underperform i…",negative,0.527402
2025-09-15,"Thomas Cook India Launches Forex App 'TC Pay' For Android, Apple Users",NewsAPI - Ndtvprofit.com,https://www.ndtvprofit.com/business/thomas-cook-india-launches-forex-app-tc-pay-for-android-apple-users,"Thomas Cook India Ltd. launched a foreign exchange application 'TC Pay' for Android and Apple users on Monday, as per a disclosure to the exchanges. ""TC Pay offers a one-stop forex solution for B2C customers whether it’s buying or reloading forex cards, buyin…",neutral,0.861156
2025-09-15,Sensex Today | Stock Market LIVE Updates: GIFT Nifty signals a negative start; Asian shares trade mixed,NewsAPI - Economictimes.com,https://m.economictimes.com/markets/stocks/live-blog/bse-sensex-today-live-nifty-stock-market-updates-15-september-2025/liveblog/123889918.cms,"Sensex Today | Stock Market LIVE Updates: Indian equities extended gains on Friday, with the Nifty 50 advancing for an eighth straight session, driven by softer U.S. labor data, expectations of Fed rate cuts, and progress in U.S.-India trade talks. Buying int…",negative,0.850999
2025-09-15,Supreme Court-appointed SIT reports ‘regulatory compliance’ in Vantara operations,NewsAPI - The Indian Express,https://indianexpress.com/article/india/supreme-court-appointed-sit-reports-regulatory-compliance-in-vantara-operations-10251057/,"The Supreme Court had on August 25 directed the SIT to submit a report on several aspects pertaining to Vantara, including the acquisition of animals from India and abroad, and compliance with the Wildlife Act.",neutral,0.902237
2025-09-15,"India’s IT eyes chip, electronics foray to glide over growth bumps",NewsAPI - The Times of India,https://economictimes.indiatimes.com/tech/information-tech/indias-it-eyes-chip-electronics-foray-to-glide-over-growth-bumps/articleshow/123884610.cms,"Experts say that it's a good strategy to de-risk the business, especially when multiple concerns cloud the industry. India’s strong push in this area also makes it a good opportunity for these companies since they already service some of the largest chip manu…",positive,0.864965
2025-09-15,"What’s up with… BT & Bharti Airtel, Nokia, QKD",NewsAPI - TelecomTV,https://www.telecomtv.com/content/access-evolution/what-s-up-with-bt-bharti-airtel-nokia-qkd-53848/,BT gets tighter with Bharti AirtelDeutsche Bahn boards Nokia’s FRMCS trainHoneywell teams up for QKDSat R&D,neutral,0.884382
2025-09-15,Tata Tech shares rise 3% after €75 million acquisition of Germany's ES-Tec Group,NewsAPI - The Times of India,https://economictimes.indiatimes.com/markets/stocks/news/tata-tech-shares-in-focus-as-75-million-acquisition-targets-earnings-boost/articleshow/123891428.cms,"Tata Technologies will acquire Germany’s ES-Tec Group for €75 million in cash. The deal, expected to close by December 2025, will boost its earnings from the first full year and enhance its ER&D capabilities in next-gen mobility and systems engineering.",positive,0.950741
2025-09-15,From skincare to street food: Brands cash in on K-trend,NewsAPI - The Times of India,https://economictimes.indiatimes.com/industry/cons-products/fashion-/-cosmetics-/-jewellery/from-skincare-to-street-food-brands-cash-in-on-k-trend/articleshow/123900234.cms,"Indian Gen Z’s love for Korean culture, which began with BTS and K-dramas, has now spread into food, beauty, and fashion, and is gradually influencing older demographics. With 377 million Gen Zs shaping consumption, brands from Reliance’s Tira to ITC and Nyka…",neutral,0.793539
2025-09-15,Bank gold loans on a tear as customers want more for their pledge,NewsAPI - Livemint,https://www.livemint.com/industry/bank-gold-loans-nbfc-reserve-bank-of-india-state-bank-of-india-bank-of-baroda-collateral-gold-prices-in-india-11757837296946.html,"Rising gold prices, clampdown on unsecured loans and regulatory changes have created the perfect recipe for gold loans to thrive. And when the full effect of a recent regulatory change take effect this quarter, the momentum may rise further.",positive,0.933136
2025-09-15,"Market Trading Guide: Paras Defence, Piramal Enterprises among 5 smallcap stocks to buy on Tuesday for up to 8% upside",NewsAPI - Economictimes.com,https://m.economictimes.com/markets/stocks/news/market-trading-guide-paras-defence-piramal-enterprises-among-5-smallcap-stocks-to-buy-on-tuesday-for-up-to-8-upside/stock-ideas/slideshow/123903075.cms,"Indian equities slipped on Monday, snapping Nifty 50’s eight-day winning streak as weakness in IT and auto stocks weighed on benchmarks. Investors stayed cautious ahead of the U.S. Fed’s policy outcome, despite optimism over India-U.S. trade talks. Commenting…",negative,0.962208
2025-09-15,India’s UCO Gets Approval to Work with Sanctioned Refiner Nayara,NewsAPI - Financial Post,https://financialpost.com/pmn/business-pmn/indias-uco-gets-approval-to-work-with-sanctioned-refiner-nayara,"Indian lender UCO Bank has received government approval to facilitate trade payments for Nayara Energy Ltd., according to people familiar with the matter, nearly two months after the refiner was sanctioned by the EU and subsequently shunned by large financial…",positive,0.709206
2025-09-15,"Stock Market Live Updates 15 Sept 2025: Rate cut hopes, trade talks to steer equity markets this week",NewsAPI - BusinessLine,https://www.thehindubusinessline.com/markets/share-market-nifty-sensex-live-updates-15th-september-2025/article70048700.ece,"Sensex, Nifty, Share Prices LIVE: Equity markets will closely track the outcome of the US Federal Reserve’s policy meeting on September 17, with analysts widely expecting at least a 25-basis-point rate cut due to signs of slowing US job growth. Such a move co…",positive,0.570853
2025-09-15,​15+ MFs addthese10stocksinAugust'25;4stocksrallyover50% inFY26,NewsAPI - Economictimes.com,https://m.economictimes.com/markets/stocks/news/15-mfs-addthese10stocksinaugust254stocksrallyover50-infy26/mf-outlook/slideshow/123896810.cms,"In August 2025, mutual funds (MFs) maintained strong confidence in Indian equities, with net investments totaling about Rs 70,534 crore for the month. According to an analysis by ETMarkets, 13 stocks were added to the portfolios of at least 15 mutual fund sch…",positive,0.798732
2025-09-15,15+ MFs add these 10 stocks in August '25; 4 stocks rally over 50% in FY26,NewsAPI - Economictimes.com,https://m.economictimes.com/markets/stocks/news/15-mfs-addthese10-stocks-in-august254-stocks-rally-over-50-in-fy26/mf-outlook/slideshow/123896810.cms,"In August 2025, mutual funds (MFs) maintained strong confidence in Indian equities, with net investments totaling about Rs 70,534 crore for the month. According to an analysis by ETMarkets, 13 stocks were added to the portfolios of at least 15 mutual fund sch…",positive,0.850957
2025-09-15,15+ MFs add these 10 stocks in August '25; 4 stocks rally over 50% in FY26,NewsAPI - Economictimes.com,https://m.economictimes.com/markets/stocks/news/15-mfs-add-these-10-stocks-in-august-25-4-stocks-rally-over-50-in-fy26/mf-outlook/slideshow/123896810.cms,"In August 2025, mutual funds (MFs) maintained strong confidence in Indian equities, with net investments totaling about Rs 70,534 crore for the month. According to an analysis by ETMarkets, 13 stocks were added to the portfolios of at least 15 mutual fund sch…",positive,0.850957
2025-09-15,"L&T willing to exit from debt-ridden, loss-making Hyderabad Metro Rail project",NewsAPI - The Times of India,https://economictimes.indiatimes.com/industry/indl-goods/svs/engineering/lt-willing-to-exit-from-debt-ridden-loss-making-hyderabad-metro-rail-project/articleshow/123894781.cms,Larsen and Toubro wants to sell its stake in the Hyderabad Metro Rail project. The company has faced operational losses. They have requested the government to purchase their stake. L&T cites financial challenges and lack of state assistance. Covid-19 pandemic…,negative,0.965856
2025-09-15,"Sebi’s exit load cut a ‘hygiene change’, says Feroze Azeez",NewsAPI - The Times of India,https://economictimes.indiatimes.com/markets/stocks/news/sebis-exit-load-cut-a-hygiene-change-says-feroze-azeez/articleshow/123898082.cms,"SEBI’s new rules—cutting mutual fund exit load caps to 3% and reclassifying REITs as equities—were termed “progressive” by Anand Rathi Wealth’s Feroze Azeez, though he stressed their practical impact will differ across funds, assets, and investors.",neutral,0.538575
2025-09-15,"Bio Butadiene Market Projected to Reach a Valuation of USD 75.54 Million by 2032, Owing to Surging Demand for Sustainable and Eco-Friendly Materials | Research by SNS Insider",NewsAPI - GlobeNewswire,https://www.globenewswire.com/news-release/2025/09/15/3149757/0/en/Bio-Butadiene-Market-Projected-to-Reach-a-Valuation-of-USD-75-54-Million-by-2032-Owing-to-Surging-Demand-for-Sustainable-and-Eco-Friendly-Materials-Research-by-SNS-Insider.html,"Growing demand for sustainable and eco-friendly products is driving the bio butadiene market analysis as there is a preference for sustainable and eco-friendly materials among manufacturers and consumers, owing to growing consciousness about the environmental…",positive,0.873104
2025-09-15,"GST reforms set to reignite consumption growth, spur corporate profitability",NewsAPI - The Times of India,https://economictimes.indiatimes.com/wealth/tax/gst-reforms-set-to-reignite-consumption-growth-spur-corporate-profitability/articleshow/123864292.cms,"India is set to implement new Goods and Services Tax reforms. These reforms aim to simplify tax structure and boost spending. Revised rates will take effect from September 22, 2025. Experts believe that the reforms will play a key role in addressing the deman…",positive,0.763863
2025-09-15,Vedanta is making a contrarian bet on renewable energy. Will it pay off?,NewsAPI - Livemint,https://www.livemint.com/companies/news/vedanta-renewable-energy-solar-wind-energy-adani-tata-reliance-private-energy-business-11757919250634.html,"While its peers Tata, Reliance and Adani play the backward-integration game, Vedanta is eyeing greener pastures such as round-the-clock power and technological advancements.",neutral,0.759674
2025-09-15,Franklin Balanced Advantage Fund outperforms with 13% CAGR in 2 years,NewsAPI - BusinessLine,https://www.thehindubusinessline.com/news/franklin-balanced-advantage-fund-outperforms-with-13-cagr-in-2-years/article70051754.ece,"Franklin India Balanced Advantage Fund posts 13% CAGR in 2 years, outpacing benchmark; AUM at ₹2,700 cr with strong SIP and lump sum growth.",positive,0.957444
2025-09-15,How to Register a Private Limited Company Online in India? (Sanju Biswas),NewsAPI - Finextra,https://www.finextra.com/blogposting/29361/how-to-register-a-private-limited-company-online-in-india,Creating a business in India is a critical step for businesses wishing to establish a legally bindin...,neutral,0.812159
2025-09-15,"20,783 Shares in American Noble Gas Inc. $INFY Purchased by Modern Wealth Management LLC",NewsAPI - ETF Daily News,https://www.etfdailynews.com/2025/09/15/20783-shares-in-american-noble-gas-inc-infy-purchased-by-modern-wealth-management-llc/,"Modern Wealth Management LLC acquired a new position in American Noble Gas Inc. (NYSE:INFY – Free Report) during the first quarter, according to its most recent 13F filing with the SEC. The firm acquired 20,783 shares of the technology company’s stock, valued…",neutral,0.925639
2025-09-15,Psychometric evaluation of the Spanish version of the therapeutic communication scale in nursing students,NewsAPI - Plos.org,https://journals.plos.org/plosone/article?id=10.1371/journal.pone.0332615,"Background Therapeutic communication is a core component of person-centered nursing care. Despite its clinical relevance, few validated instruments exist in Spanish that objectively assess this competence in undergraduate nursing students.   Objective This st…",neutral,0.906182
2025-09-15,The tech job shift: How Hyderabad is catching up to Bengaluru,NewsAPI - Livemint,https://www.livemint.com/industry/hyderabad-vs-bengaluru-tech-jobs-ai-r-d-gccs-policy-google-amazon-11757841922674.html,"Global tech firms are expanding senior teams in Hyderabad, narrowing Bengaluru’s lead in India’s high-value tech jobs. The shift is being driven by Hyderabad’s favourable lifestyle and lower traffic, along with supportive policy frameworks.",positive,0.949542
2025-09-15,"Why Shankar Sharma calls data centre stocks a bubble and enthusiasm around them a ""hope trade""",NewsAPI - The Times of India,https://economictimes.indiatimes.com/markets/stocks/news/why-shankar-sharma-calls-data-centre-stocks-a-bubble-and-enthusiasm-around-them-a-hope-trade/articleshow/123898043.cms,"Data centre stocks surged over 12%, but Shankar Sharma warned the rally is a ‘hope trade.’ He likened the business to telecom towers, citing heavy capex, weak economics, low ROI, and high customer bargaining power.",negative,0.88711
2025-09-15,AI Triggers 70% Collapse in Fresh Graduate Hiring at India's IT Giants That Employ 5.4 Million,NewsAPI - Slashdot.org,https://slashdot.org/story/25/09/15/0718258/ai-triggers-70-collapse-in-fresh-graduate-hiring-at-indias-it-giants-that-employ-54-million,"India's IT services industry saw entry-level hiring collapse by 70% between fiscal years 2023 and 2024, as the country's four largest IT exporters reduced fresh graduate recruitment from 225,000 to 60,000. Tata Consultancy Services and Infosys shed a combined…",negative,0.974865
2025-09-15,"These 13 stocks — Adani Power, Tata Tech, RailTel, Info Edge, KRBL, Godrej Enterprises, Ixigo, Infosys, Birla Corp, Vedanta, Diamond Power, Shakti Pumps, DCX Systems — to remain in focus on Monday",NewsAPI - BusinessLine,https://www.thehindubusinessline.com/markets/these-13-stocks-adani-power-tata-tech-railtel-info-edge-krbl-godrej-enterprises-ixigo-infosys-birla-corp-vedanta-diamond-power-shakti-pumps-dcx-systems-to-remain-in-focus-on-monday/article70050054.ece,"Adani Power signs 25-year PSA with BSPGCL, RailTel receives LoA for Bihar project, Vedanta settles disputes, Tata acquires ES-Tec Group.",neutral,0.914912
